sample_id,predicted_class,predicted_polarity,predicted_intensity,class_probabilities,raw_text,input_truncated,raw_zero_modalities,raw_feature_time_provenance,media_mapping,details_json,alignment_json,classification_main_modalities,classification_text_share,classification_text_signed_shapley,classification_audio_share,classification_audio_signed_shapley,classification_vision_share,classification_vision_signed_shapley,regression_main_modalities,regression_text_share,regression_text_signed_shapley,regression_audio_share,regression_audio_signed_shapley,regression_vision_share,regression_vision_signed_shapley
01,1,neutral,0.15408796072006226,"[0.07340586856304612, 0.49020720062290857, 0.4363869308140452]",Replacing these wear components when replacing the timing belt is essential to ensuring the new belt performs to its mileage requirements,False,[],unavailable,post-hoc lexical temporal correspondence,samples/01/evidence.json,samples/01/alignment.json,"[""vision""]",0.0027999660406844143,-0.003913203875223786,0.44224879901333747,0.6180823942025502,0.5549512349459782,0.7755941649278004,"[""vision""]",0.05067530111611248,0.015524288018544514,0.4433153719559371,-0.13580887267986932,0.5060093269279504,-0.15501505384842554
02,0,negative,-0.2530078589916229,"[0.5708419086059018, 0.1897781266182696, 0.2393799647758286]",We want to live by each other’s happiness - not by each other’s misery.,False,[],unavailable,post-hoc lexical temporal correspondence,samples/02/evidence.json,samples/02/alignment.json,"[""text""]",0.3990678368123665,1.3534289573629696,0.3130044015541032,1.0615468894441922,0.28792776163353023,0.9765000691016514,"[""audio""]",0.16307437691555549,-0.11120093675951162,0.47018837745591946,-0.3206229514131943,0.3667372456285251,-0.2500792952875296
03,1,neutral,0.07037424296140671,"[0.25141350687550984, 0.43235288914527176, 0.31623360397921846]","There's one lender at the moment which I think is just Bankwest who don't take rental income into account, they take rental yield into account.",False,[],unavailable,post-hoc lexical temporal correspondence,samples/03/evidence.json,samples/03/alignment.json,"[""text""]",0.47490276526199926,0.7556450664997101,0.09952529092130148,0.15836040675640106,0.42557194381669927,0.6771519631147385,"[""text""]",0.8176746482302368,-0.2944466521342595,0.08169033911613889,-0.029416892056663826,0.10063501265362435,-0.03623891559739908
04,2,positive,0.48943036794662476,"[0.3088479307980946, 0.08772308163639282, 0.6034289875655126]","If I blow it at the team exercise, should I kiss my chances of cheering ""GO BLUE"" goodbye?] Absolutely not.",False,[],unavailable,post-hoc lexical temporal correspondence,samples/04/evidence.json,samples/04/alignment.json,"[""text""]",0.6924619410972852,-3.3361525883277254,0.1054578977859612,0.5080764989058176,0.20208016111675364,0.9735845575730004,"[""text""]",0.48031657158012947,-0.7265582879384359,0.12657267220346274,0.191462109486262,0.3931107562164079,0.5946450630823771
05,2,positive,0.6402804255485535,"[0.031142439162937508, 0.20774888476531655, 0.7611086760717459]","Hi, my name is Chloe, video marketer for Red Wagon Marketing.",False,[],unavailable,post-hoc lexical temporal correspondence,samples/05/evidence.json,samples/05/alignment.json,"[""text""]",0.5128169007689392,0.6283077994982401,0.340033304803656,-0.4166118105252583,0.14714979442740483,-0.18028922875722247,"[""text""]",0.5438034461734249,0.23048370579878488,0.24954196988424007,-0.10576497515042621,0.206654583942335,0.08758773903052011
06,2,positive,0.8747537136077881,"[0.027358645124685856, 0.11379024558740476, 0.8588511092879093]","If you're a fan of dancing in that sense, just like to watch people dance, see impressive dance moves then you might want to check out this movie solely for that",False,[],unavailable,post-hoc lexical temporal correspondence,samples/06/evidence.json,samples/06/alignment.json,"[""text""]",0.5957887074256887,2.3083565334479013,0.11727442897704991,-0.4543744971354802,0.28693686359726145,-1.111723964413007,"[""text""]",0.6936496371670517,0.7954650049408276,0.10848866948137144,-0.12441286693016687,0.19786169335157683,-0.22690425316492716
07,2,positive,1.213449239730835,"[0.014248728006607538, 0.052884412955037666, 0.9328668590383548]","As Linn’s associate editor Michael Baadke reports in our November 28 issue, attendees “enthusiastically discussed the topics of growing the hobby, the future of stamp shows, and dealers and philatelic partnerships, along with ways the leading organizations involved in the stamp hobby can work together to make it succeed and grow",True,[],unavailable,post-hoc lexical temporal correspondence,samples/07/evidence.json,samples/07/alignment.json,"[""text""]",0.7920331188257916,2.1541323165098825,0.11431157820962401,-0.31089894970258075,0.09365530296458424,-0.25471903880437213,"[""text""]",0.9062524002856589,0.872512141863505,0.05955045004749908,-0.057333355148633317,0.03419714966684189,-0.032923971613248185
08,2,positive,0.32359468936920166,"[0.052024761377832615, 0.24689232601303676, 0.7010829126091307]","That brings us to tonight, the Universal Design Grand Challenge",False,[],unavailable,post-hoc lexical temporal correspondence,samples/08/evidence.json,samples/08/alignment.json,"[""text""]",0.4703868111069945,1.7205019990603128,0.21082838892960404,-0.77113272746404,0.3187847999634014,-1.165997584660848,"[""text""]",0.45206529226222264,0.48523351798454917,0.18462631638937205,-0.19817242895563442,0.3633083913484053,-0.38996448492010427
09,0,negative,-2.0011775493621826,"[0.9224861450804303, 0.03676686627451124, 0.04074698864505854]","(uhh) I did not like this movie at all, I would not recommend it",False,[],unavailable,post-hoc lexical temporal correspondence,samples/09/evidence.json,samples/09/alignment.json,"[""text""]",0.929105090693643,5.24177098274231,0.004017380588745891,0.022665023803710934,0.06687752871761107,0.3773057460784912,"[""text""]",0.9106604988590467,-2.2127926871180534,0.020874232095907122,-0.05072180926799774,0.06846526904504624,-0.16636215895414352
10,0,negative,-1.4864001274108887,"[0.8915381627081175, 0.03251429744771658, 0.07594753984416587]",(umm) And you know I really do like to see fluffy chick flicks sometimes so I'm not against that but this one was pretty terrible,False,[],unavailable,post-hoc lexical temporal correspondence,samples/10/evidence.json,samples/10/alignment.json,"[""text""]",0.9473197812034128,4.777376929918924,0.005469126736236963,-0.02758105595906575,0.04721109206035029,0.23808769385019937,"[""text""]",0.9295565981965755,-1.8491186847289403,0.018246774393328582,0.03629736105600993,0.052196627410095814,-0.10383204122384389
11,0,negative,-1.9479299783706665,"[0.91230596821397, 0.048618053571289135, 0.0390759782147408]",I would be ashamed to have made this film if I was a director,False,[],unavailable,post-hoc lexical temporal correspondence,samples/11/evidence.json,samples/11/alignment.json,"[""text""]",0.8776094116329453,4.864942252635956,0.06878528103791043,-0.3813045024871826,0.05360530732914434,-0.29715579748153687,"[""text""]",0.8381493264965219,-1.9911100963751474,0.08655995027315688,-0.20563208187619844,0.07529072323032139,-0.17886087174216905
12,0,negative,-0.6349976062774658,"[0.7896763456894765, 0.12836272427257986, 0.08196093003794364]","Or worse, an individual previously had good credit, but usually by no fault of their own, or perhaps by fault of their own, they have let their credit sag, and credit scores is very low.",False,[],unavailable,post-hoc lexical temporal correspondence,samples/12/evidence.json,samples/12/alignment.json,"[""text""]",0.8564637738388079,3.6790949900945025,0.05743837479541874,-0.24673692385355633,0.08609785136577348,-0.369848887125651,"[""text""]",0.9114187045090165,-1.0862974996368089,0.03576037135609809,-0.04262190560499827,0.05282092413488536,0.06295595814784366
13,1,neutral,0.054992616176605225,"[0.0869495961048917, 0.6134588090853924, 0.29959159480971587]","For example, I could take a set of data and from that data, I can find a relationship between any two of the given factors or more.",False,"[""vision""]",unavailable,post-hoc lexical temporal correspondence,samples/13/evidence.json,samples/13/alignment.json,"[""vision""]",0.2489774997027856,0.4964806536833445,0.3268637037846525,0.6517918507258097,0.4241587965125619,0.8458058933417001,"[""vision""]",0.2217422062017308,-0.08321108172337213,0.3347744005886228,-0.12562759468952814,0.4434833932096463,-0.16642178098360697
14,2,positive,0.32821792364120483,"[0.05247247176334891, 0.3683498041181717, 0.5791777241184795]",He is the co-founder of Rossen and Vettese Limited and the former Executive Director of Uniform Final Examination (UFE) courses at Toronto's York University.,False,[],unavailable,post-hoc lexical temporal correspondence,samples/14/evidence.json,samples/14/alignment.json,"[""text""]",0.6275347165733876,-0.7136548459529876,0.23580424544519898,-0.26816499233245844,0.1366610379814135,0.155415803194046,"[""text""]",0.5185370615238696,-0.14841338247060776,0.16032784831755675,-0.045888327062129974,0.32113509015857367,0.0919138640165329
15,2,positive,1.0632317066192627,"[0.0219939882291664, 0.08919687097811498, 0.8888091407927187]","However, despite their poverty, the family prioritize education because they believed in its power to transform lives",False,[],unavailable,post-hoc lexical temporal correspondence,samples/15/evidence.json,samples/15/alignment.json,"[""text""]",0.7004014812074493,1.7933723330497737,0.023852687860210015,-0.06107461452484131,0.2757458309323407,-0.7060449719429016,"[""text""]",0.8611752203351183,0.7104571759700775,0.02307039785240361,0.019032746553421017,0.11575438181247806,-0.09549570083618164
16,0,negative,-2.052976369857788,"[0.9490764777850369, 0.023359956098571857, 0.02756356611639138]","It's a terrible, this is a terrible movie",False,[],unavailable,post-hoc lexical temporal correspondence,samples/16/evidence.json,samples/16/alignment.json,"[""text""]",0.916251711349545,5.549790283044179,0.014810152956550075,0.08970596392949422,0.06893813569390506,0.4175623257954915,"[""text""]",0.915866043267048,-2.2708664312958717,0.042310866826104424,-0.10490871220827101,0.04182308990684752,-0.10369928181171417
17,2,positive,1.3861680030822754,"[0.014806398384265427, 0.04128061149274267, 0.943912990122992]","Applying these four design concepts to your presentations is simple, easy and will make people think you turned into a design guru.",False,[],unavailable,post-hoc lexical temporal correspondence,samples/17/evidence.json,samples/17/alignment.json,"[""text""]",0.763932682942136,2.6845363080501556,0.1287049209315461,-0.452282041311264,0.10736239612631784,-0.37728226184844965,"[""text""]",0.8914392817761206,1.0646874060233433,0.09956573763062883,-0.1189159924785296,0.008994980593250558,0.010743123789628349
18,1,neutral,-0.031092744320631027,"[0.31648678386510687, 0.4577510111849499, 0.22576220494994326]","-And in Denmark - the first Baltic Cod fishery has been MSC – certified -Meanwhile, the Faeroese Mackerel Fishery has been denied MSC certification based on the fact that the fishery has failed to reach an agreement on mackerel quotas with Norway and the European Union.",True,[],unavailable,post-hoc lexical temporal correspondence,samples/18/evidence.json,samples/18/alignment.json,"[""text""]",0.6849279293937698,-1.6224559893210728,0.03366755905675994,0.07975165049235027,0.2814045115494701,0.6665904770294826,"[""text""]",0.5989072495762718,-0.2768672127276659,0.038936389190024116,-0.017999798059463498,0.36215636123370404,-0.1674202848225832
19,2,positive,0.6791881322860718,"[0.16635051648184482, 0.05517429647574746, 0.7784751870424077]","People are surprisingly forgiving brands when they own up to mistakes, and unfortunately some haters out there love to point fingers and jump all over imperfections, but for the most part, people understand",False,[],unavailable,post-hoc lexical temporal correspondence,samples/19/evidence.json,samples/19/alignment.json,"[""text""]",0.8027972743603068,-1.0904087622960408,0.05900404701055013,-0.08014293511708577,0.13819867862914312,0.18770996729532877,"[""vision""]",0.3208805366973261,0.10725374023119608,0.1284770715549377,-0.042943229277928666,0.5506423917477362,0.18405122558275858
20,2,positive,1.2046582698822021,"[0.012230686537575875, 0.05098964717727802, 0.9367796662851461]","And of course, click in the link of the description of this video for more, and we'll have more live updates and a stock market video (wrap-up) at the end of the day today.",False,[],unavailable,post-hoc lexical temporal correspondence,samples/20/evidence.json,samples/20/alignment.json,"[""text""]",0.9261850933483232,1.7711876332759857,0.005237492428047556,-0.010015904903411865,0.06857741422362923,-0.13114383816719055,"[""text""]",0.8231827479140271,0.7220057547092438,0.11784928056902497,0.1033644825220108,0.05896797151694787,-0.0517202466726303
