参考输入,解释任务,分类分组,样本数,有效作用程度样本数,文本平均作用程度,语音平均作用程度,视觉平均作用程度,文本作用程度中位数,语音作用程度中位数,视觉作用程度中位数
训练均值参考,情感极性,全部样本,728,728,0.5941543914454679,0.1449186328441845,0.2609269757103473,0.6398611837480668,0.11426081480727773,0.22560651232590873
训练均值参考,情感极性,分类正确,461,461,0.631945074776355,0.13095467432224953,0.23710025090139525,0.6933925207571138,0.09796870476877588,0.19336071754132925
训练均值参考,情感极性,分类错误,267,267,0.528905308990266,0.1690286885693235,0.30206600244041093,0.5488152939875159,0.15185217894028216,0.27519806043380185
训练均值参考,情感极性,真实负向,206,206,0.6987450549938921,0.11559272879891905,0.18566221620718903,0.7532885205889949,0.08541364302110999,0.13583765194657182
训练均值参考,情感极性,真实中性,184,184,0.47782110425509516,0.19308456772682614,0.3290943280180787,0.46288941038675446,0.17852608335538162,0.30895833959019836
训练均值参考,情感极性,真实正向,338,338,0.5937391492917796,0.13657130803625164,0.2696895426719687,0.6357378507481619,0.11058606495358962,0.24379358271223095
训练均值参考,情感强度,全部样本,728,728,0.6081936888112851,0.13437739043683303,0.2574289207518823,0.6415317379688725,0.10266625655035283,0.21475195034535494
训练均值参考,情感强度,分类正确,461,461,0.6432680385931521,0.12073273723146645,0.23599922417538174,0.7052559531927135,0.08466733306138893,0.1895549482766455
训练均值参考,情感强度,分类错误,267,267,0.5476346054800458,0.1579361362333651,0.2944292582865891,0.5387898951926722,0.13441751419323603,0.26605354196483993
训练均值参考,情感强度,真实负向,206,206,0.7096165686677692,0.11676795663292958,0.17361547469930114,0.7705059149371232,0.0779637220942804,0.12564831277630012
训练均值参考,情感强度,真实中性,184,184,0.4887089357870425,0.18560708928241781,0.3256839749305393,0.46358556845036153,0.16693542307402792,0.3060092032417141
训练均值参考,情感强度,真实正向,338,338,0.6114246985924224,0.1172214104842192,0.27135389092335815,0.6558107699738622,0.08565025741597797,0.23449460301010755
零参考,情感极性,全部样本,728,728,0.656104936658561,0.15977562609304521,0.18411943724839416,0.6990979557304771,0.11926539547466158,0.16147237348709192
零参考,情感极性,分类正确,461,461,0.6971395175872224,0.14332553237238205,0.15953495004039597,0.75887664331522,0.10133539182145312,0.12985215247928222
零参考,情感极性,分类错误,267,267,0.5852549673397859,0.1881782223672987,0.22656681029291514,0.6217837684294576,0.1578047551332854,0.2041619397645807
零参考,情感极性,真实负向,206,206,0.6717972485788476,0.1541557829818848,0.17404696843926748,0.7196628287698345,0.11550692580079822,0.14599862081130477
零参考,情感极性,真实中性,184,184,0.5429238365129555,0.2266928006322351,0.23038336285480968,0.5852917431956384,0.1711431918374976,0.21702716223257162
零参考,情感极性,真实正向,338,338,0.7081543632006084,0.1267724532104656,0.1650731835889254,0.755126697898377,0.0996193698616341,0.13877819570562716
零参考,情感强度,全部样本,728,728,0.6566545862262915,0.14296664064194667,0.20037877313176153,0.6962316133979498,0.09290883550942819,0.18073630993227724
零参考,情感强度,分类正确,461,461,0.6996857226978983,0.1249063945433223,0.17540788275877886,0.7514356239664547,0.07414270494730366,0.14846952515617895
零参考,情感强度,分类错误,267,267,0.5823573805580865,0.17414931274481452,0.2434933066970988,0.6078293173100843,0.13115753199740007,0.22465244522573222
零参考,情感强度,真实负向,206,206,0.6604124972821365,0.14917019065307335,0.19041731206479037,0.7092241858903185,0.09212343697914782,0.15007892173355697
零参考,情感强度,真实中性,184,184,0.5540173391892332,0.21248487137377875,0.2334977894369883,0.5659010851432796,0.15421786767420573,0.2356331422795429
零参考,情感强度,真实正向,338,338,0.710237792668052,0.10134153485215573,0.18842067247979263,0.7474141871074358,0.06631859883299346,0.15825743403545356
