样本编号,原始数据编号,真实情感,分类正确,强度绝对误差,组内误差层次,原始分组样本数,随机种子,是否组内最大误差样本
v0003,0utROiKxejc$_$4,中性,否,1.7316386699676514,高,108,42,是
v0014,102408$_$5,负向,否,3.375225782394409,高,84,42,是
v0017,102858$_$21,正向,否,2.1350741386413574,高,75,42,否
v0048,128763$_$7,负向,是,0.31085094809532166,中,122,42,否
v0050,130456$_$11,正向,否,2.264078438282013,高,75,42,否
v0062,216097$_$1,负向,是,0.10307931900024414,低,122,42,否
v0063,216097$_$2,中性,是,0.1660771667957306,高,76,42,是
v0069,223431$_$10,负向,否,2.1130521297454834,高,84,42,否
v0072,223431$_$5,中性,是,0.01760033145546913,低,76,42,否
v0083,237009$_$11,负向,是,2.644235610961914,高,122,42,是
v0128,270254$_$23,负向,是,0.9114456176757812,高,122,42,否
v0138,272624$_$16,中性,否,0.40637916326522827,中,108,42,否
v0143,272624$_$8,负向,是,1.0863418579101562,高,122,42,否
v0144,273539$_$3,负向,是,0.7551372051239014,中,122,42,否
v0156,2S00zYaVrtc$_$4,正向,是,0.5442841053009033,高,263,42,否
v0161,31474$_$3,中性,是,0.02543436363339424,低,76,42,否
v0182,3j94B0pzSVs$_$0,中性,是,0.11613258719444275,高,76,42,否
v0189,50103$_$3,负向,是,0.003836393356323242,低,122,42,否
v0207,6uPGcKTpC4I$_$1,中性,否,1.0234224796295166,高,108,42,否
v0218,80566$_$1,中性,否,0.36471372842788696,中,108,42,否
v0230,80855$_$3,中性,否,0.14833925664424896,低,108,42,否
v0243,8eaYvALnJ0o$_$0,正向,是,0.4079563617706299,中,263,42,否
v0249,99501$_$10,负向,否,2.3339898586273193,高,84,42,否
v0257,AG5EY8ZaFj4$_$15,正向,是,0.1500169038772583,低,263,42,否
v0264,Arh2TKRi_mg$_$3,正向,是,0.12649565935134888,低,263,42,否
v0289,E8MuzHUhUHk$_$2,中性,否,0.29557979106903076,低,108,42,否
v0300,Es9MkKsMsjU$_$12,负向,是,0.05933964252471924,低,122,42,否
v0312,Fy0Uid9afM8$_$0,负向,否,0.9721402265131474,中,84,42,否
v0338,JOK1SSmPtFw$_$16,中性,是,0.15079286694526672,高,76,42,否
v0347,JVpF99zuQhA$_$2,中性,是,0.08128421008586884,高,76,42,否
v0372,MoQmPA7Q07Q$_$1,正向,是,0.612912654876709,高,263,42,否
v0382,NzvNW7vP-Co$_$7,中性,否,1.074610710144043,高,108,42,否
v0388,PboaYD5hlG8$_$2,负向,否,0.9608587026596069,中,84,42,否
v0400,Q7S0tX4FUNA$_$8,负向,是,0.6907385289669037,中,122,42,否
v0416,ROcTx5VEn7o$_$1,正向,否,0.21729271113872528,低,75,42,否
v0417,ROcTx5VEn7o$_$5,负向,否,0.39224036782979965,低,84,42,否
v0418,ROcTx5VEn7o$_$9,中性,是,0.07502370327711105,中,76,42,否
v0427,TH32jop4FiI$_$15,正向,否,0.5034973174333572,中,75,42,否
v0444,VbV9S4svrTg$_$3,正向,是,0.8914470076560974,高,263,42,否
v0456,Wrcf2xtqbkQ$_$9,中性,是,0.04156126454472542,中,76,42,否
v0489,_BvNNdEkhZA$_$19,正向,是,0.10759586095809937,低,263,42,否
v0500,_gzYkdjNvPc$_$1,负向,否,0.7346208393573761,中,84,42,否
v0520,bWunvAd96zI$_$2,正向,否,0.49696190655231476,中,75,42,否
v0526,bpvYdXVlgvc$_$4,负向,是,1.1235500574111938,高,122,42,否
v0543,dEDbm2ubVRQ$_$8,正向,否,0.17654024064540863,低,75,42,否
v0554,f_ZJ7L14oYQ$_$21,正向,否,3.84871244430542,高,75,42,是
v0563,gR4gM_WXesQ$_$20,负向,否,1.9898129105567932,高,84,42,否
v0566,gR4gM_WXesQ$_$3,正向,否,0.3212609328329563,低,75,42,否
v0609,mLW-jn67gRE$_$17,正向,是,0.45521923899650574,中,263,42,否
v0612,mLW-jn67gRE$_$5,中性,否,0.24461843073368073,低,108,42,否
v0614,mLW-jn67gRE$_$9,中性,是,0.0665578842163086,中,76,42,否
v0626,q9yDL81QppI$_$1,正向,否,0.9247288405895233,高,75,42,否
v0629,qK77ZmbqmOM$_$9,负向,否,0.3280562050640583,低,84,42,否
v0634,qmMSumMloAs$_$2,正向,是,2.5189071893692017,高,263,42,是
v0666,sPremsknoLM$_$1,负向,否,0.3512220047414303,低,84,42,否
v0669,szic2IB9HB4$_$5,正向,否,0.7704665958881378,中,75,42,否
v0670,tQ-CIfgj-Js$_$3,中性,是,0.0021891333162784576,低,76,42,否
v0677,unNY4zIk8MM$_$5,正向,是,0.4934878349304199,中,263,42,否
v0704,wF8980oGklk$_$6,中性,否,0.41361191868782043,中,108,42,否
v0708,x2lOwQaAn4g$_$4,中性,否,1.7171456813812256,高,108,42,否
