样本编号,原始文本,全文中文释义,模型可见部分中文释义,输入截断,真实情感,预测情感,真实强度,预测强度
v0003,"When I approached the wholesalers regarding this, they didn't helped me and they will not accept returns and because of these conditions, I went into huge losses.",我就这件事去找批发商时，他们没有帮助我，也不接受退货。由于这些情况，我遭受了巨大的损失。,我就这件事去找批发商时，他们没有帮助我，也不接受退货。由于这些情况，我遭受了巨大的损失。,否,中性,负向,0.0,-1.7316386699676514
v0014,"I couldn't wait til it was over, but you know if you have little boys then, you know, they probably would like this movie",我巴不得它赶快结束。不过，你知道，如果你家有小男孩，那么，你知道，他们可能会喜欢这部电影。,我巴不得它赶快结束。不过，你知道，如果你家有小男孩，那么，你知道，他们可能会喜欢这部电影。,否,负向,正向,-2.0,1.3752257823944092
v0017,"I'm giving this beast a four out of, (stutter) I mean, (uhh) wait, four, no",我给这家伙打四分，满分是……（口吃）我是说，呃，等等，四分，不。,我给这家伙打四分，满分是……（口吃）我是说，呃，等等，四分，不。,否,正向,负向,1.0,-1.1350741386413574
v0048,They're just trying to survive (umm) I mean like anyone would do,他们只是在努力活下去。嗯，我的意思是，就像任何人都会做的那样。,他们只是在努力活下去。嗯，我的意思是，就像任何人都会做的那样。,否,负向,负向,-0.3333333432674408,-0.6441842913627625
v0050,"It it (stutter) involves like, (uhh) theoretical physics and just so much stuff and Donnie Darko no matter how weird he is is still really funny",它，它（口吃）涉及，比如说，呃，理论物理学以及很多其他东西。而唐尼·达克不管有多古怪，仍然真的很好笑。,它，它（口吃）涉及，比如说，呃，理论物理学以及很多其他东西。而唐尼·达克不管有多古怪，仍然真的很好笑。,否,正向,负向,1.6666666269302368,-0.5974118113517761
v0062,(umm) There are really no known actors are in this movie,嗯，这部电影里确实没有什么知名演员。,嗯，这部电影里确实没有什么知名演员。,否,负向,负向,-1.0,-0.8969206809997559
v0063,(umm) It's directed by George Pal who did many other (uhh) science fiction movies during the fifties,嗯，这部电影由乔治·帕尔执导，他在五十年代还拍过许多其他，呃，科幻电影。,嗯，这部电影由乔治·帕尔执导，他在五十年代还拍过许多其他，呃，科幻电影。,否,中性,中性,0.0,0.1660771667957306
v0069,(umm) Definitely gets tireless after a while {laugh},嗯，过了一会儿，确实就不知疲倦了。（笑）,嗯，过了一会儿，确实就不知疲倦了。（笑）,否,负向,正向,-1.0,1.1130521297454834
v0072,Crashes on earth in a small town and aliens get loose and start killing all the inhabitants,坠落在地球上的一个小镇，外星人逃了出来，开始杀害所有居民。,坠落在地球上的一个小镇，外星人逃了出来，开始杀害所有居民。,否,中性,中性,0.0,0.01760033145546913
v0083,"(umm), it should be rated junk",嗯，它应该被评为垃圾。,嗯，它应该被评为垃圾。,否,负向,负向,-3.0,-0.35576438903808594
v0128,"Wait to rent it if you're really desperate, buy it if you want to",如果你实在很想看，就等到可以租的时候再看；你要是想买，也可以把它买下来。,如果你实在很想看，就等到可以租的时候再看；你要是想买，也可以把它买下来。,否,负向,负向,-1.6666666269302368,-0.7552210092544556
v0138,"(umm) Unfortunately this one isn't in three D though, so it's not as entertaining but (stutter) I think this is strictly for Mummy fans and people that just want (uhh) some kind of escapist movie to forget about their worries for ninety minutes",嗯，不过很遗憾，这一部不是三维电影，所以没那么有趣。但是（口吃），我觉得它只适合《木乃伊》的影迷，以及那些只想看，呃，某种逃避现实的电影，让自己九十分钟内忘记烦恼的人。,嗯，不过很遗憾，这一部不是三维电影，所以没那么有趣。但是（口吃），我觉得它只适合《木乃伊》的影迷，以及那些只想要，呃，某种……〔末词未完整显示〕,是,中性,正向,0.0,0.40637916326522827
v0143,"(umm) As as (stutter) popcorn entertainment it doesn't really (uhh) (uhh) fail necessarily, but it doesn't do its job as great as say even the first Mummy",嗯，作为，作为（口吃）一部爆米花娱乐片，它其实，呃，呃，也不一定算失败，但它的表现并没有那么出色，甚至比不上第一部《木乃伊》。,嗯，作为，作为（口吃）一部爆米花娱乐片，它其实，呃，呃，也不一定算失败，但它的表现并没有那么出色，甚至比不上第一部《木乃伊》。,否,负向,负向,-1.6666666269302368,-0.5803247690200806
v0144,(umm) xxx seen this with a few of my friends and I was much more soft having done so (umm) this film has little substance,嗯，〔原文缺字〕和几个朋友一起看了这部片子，看过以后，我的态度温和了许多。嗯，这部电影没什么实质内容。,嗯，〔原文缺字〕和几个朋友一起看了这部片子，看过以后，我的态度温和了许多。嗯，这部电影没什么实质内容。,否,负向,负向,-2.6666667461395264,-1.911529541015625
v0156,This is why I have always worked hard to improve opportunities for women and other under-represented groups.,这就是为什么我一直努力为女性和其他代表性不足的群体改善机会。,这就是为什么我一直努力为女性和其他代表性不足的群体改善机会。,否,正向,正向,1.3333333730697632,0.7890492677688599
v0161,(umm) The storyline is a bunch of college students go camping in the woods and there is a werewolf which is chasing them,嗯，故事情节是一群大学生到树林里露营，有一个狼人在追赶他们。,嗯，故事情节是一群大学生到树林里露营，有一个狼人在追赶他们。,否,中性,中性,0.0,0.02543436363339424
v0182,&gt;&gt;JACK KITAEFF: The time is right to elect a president of the American Psychological Association from outside of traditional governance.,＞＞杰克·基塔耶夫：现在时机已经成熟，可以从传统管理体系之外选出一位美国心理学会会长。,＞＞杰克·基塔耶夫：现在时机已经成熟，可以从传统管理体系之外选出一位美国心理学会会长。,否,中性,中性,0.0,0.11613258719444275
v0189,So (uhh) I didn't watch the whole show but if you are afraid of snakes or anything you'd probably have your eyes closed the whole movie so I I (stutter) didn't like it,所以，呃，我没有看完整部片子。但如果你害怕蛇之类的东西，你可能整部电影都会闭着眼睛。所以我，我（口吃）不喜欢它。,所以，呃，我没有看完整部片子。但如果你害怕蛇之类的东西，你可能整部电影都会闭着眼睛。所以我，我（口吃）不喜欢它。,否,负向,负向,-2.0,-1.9961636066436768
v0207,"Little heads-up for you -- that sometime on February 12th at block 630,720, we will have our annual decrease of inflation",提前提醒你一下：二月十二日的某个时候，在区块高度六十三万零七百二十时，我们将迎来年度通胀率下降。,提前提醒你一下：二月十二日的某个时候，在区块高度六十三万零七百二十时，我们将迎来年度通胀率下降。,否,中性,正向,0.0,1.0234224796295166
v0218,"A New Hope, The Empire Strikes Back, Return of the Jedi",《新希望》《帝国反击战》《绝地归来》。,《新希望》《帝国反击战》《绝地归来》。,否,中性,正向,0.0,0.36471372842788696
v0230,The acclaimed series,这个备受赞誉的系列。,这个备受赞誉的系列。,否,中性,正向,0.0,0.14833925664424896
v0243,One of the great advantages a cedar siding is its great versatility.,雪松木外墙板的一大优点是用途非常广泛。,雪松木外墙板的一大优点是用途非常广泛。,否,正向,正向,1.6666666269302368,1.258710265159607
v0249,"(uhh) The special effects are nice, but not enough to warrant any kind of purchase or rental",呃，特效不错，但还不足以让人值得花钱购买或租来看。,呃，特效不错，但还不足以让人值得花钱购买或租来看。,否,负向,正向,-1.6666666269302368,0.6673232316970825
v0257,"Now, use your move tool to move around the marquee until you get just the part of the picture that you want.",现在，用移动工具移动选框，直到框住你想要的那部分图片。,现在，用移动工具移动选框，直到框住你想要的那部分图片。,否,正向,正向,0.3333333432674408,0.1833164393901825
v0264,"I'm a firm believer in top down selling, and the people who either write the checks or tell other people to write the checks attend the big shows.",我坚定地相信自上而下的销售方式，而且那些开支票或者让别人开支票的人都会参加大型展会。,我坚定地相信自上而下的销售方式，而且那些开支票或者让别人开支票的人都会参加大型展会。,否,正向,正向,0.6666666865348816,0.7931623458862305
v0289,"So Handmade opens on Saturday  and closes on Tuesday, but Home, Gift and New  all open on Sunday and close on Wednesday.",所以，Handmade周六开放，周二结束；而Home、Gift和New都在周日开放，周三结束。,所以，Handmade周六开放，周二结束；而Home、Gift和New都在周日开放，周三结束。,否,中性,正向,0.0,0.29557979106903076
v0300,Because apparently not being friends with Craig because he's voting for people who are running their entire campaigns off the promises of committing war crimes is too superficial of a reason for you.,因为克雷格把票投给那些把整个竞选都建立在承诺实施战争罪行之上的人，所以不再和他做朋友——显然，对你来说，这个理由太肤浅了。,因为克雷格把票投给那些把整个竞选都建立在承诺实施战争罪行之上的人，所以不再和他做朋友——显然，对你来说，这个理由太肤浅了。,否,负向,负向,-1.6666666269302368,-1.726006269454956
v0312,There is also this stuff about how’re your not supposed to show you’re religion,还有这样的说法，认为你不应该表露自己的宗教信仰。,还有这样的说法，认为你不应该表露自己的宗教信仰。,否,负向,中性,-1.0,-0.027859773486852646
v0338,There is a study guide posted that has possible short-answer questions on it,已经发布了一份学习指南，上面列有可能出现的简答题。,已经发布了一份学习指南，上面列有可能出现的简答题。,否,中性,中性,0.0,0.15079286694526672
v0347,There are two main type of life insurance policies that you're going to want to consider when deciding to buy a life insurance policy.,在决定购买人寿保险时，你需要考虑两种主要类型的人寿保险保单。,在决定购买人寿保险时，你需要考虑两种主要类型的人寿保险保单。,否,中性,中性,0.0,0.08128421008586884
v0372,It's about the courage to be honest about where I'm at who am I and who am I becoming in the process,这关乎一种勇气：坦诚面对自己现在所处的位置、我是谁，以及在这个过程中我正成为怎样的人。,这关乎一种勇气：坦诚面对自己现在所处的位置、我是谁，以及在这个过程中我正成为怎样的人。,否,正向,正向,1.3333333730697632,0.7204207181930542
v0382,I know their dollar is finding lower pressure at the moment same as-- situation so let's pray to pass in the world economy and I think we can look forward to better times.,我知道，他们的美元目前正面临下行压力，情况也一样——所以让我们祈祷世界经济能够渡过这一关。我认为，我们可以期待更好的日子。,我知道，他们的美元目前正面临下行压力，情况也一样——所以让我们祈祷世界经济能够渡过这一关。我认为，我们可以期待更好的日子。,否,中性,正向,0.0,1.074610710144043
v0388,The data is 6 months behind where he is now with his startup company comma,这些数据比他和他的初创公司目前的进展落后了六个月，逗号。,这些数据比他和他的初创公司目前的进展落后了六个月，逗号。,否,负向,正向,-0.6666666865348816,0.29419201612472534
v0400,They're so fleeting and deep-seated they're difficult to measure,它们如此转瞬即逝，又如此根深蒂固，因此很难测量。,它们如此转瞬即逝，又如此根深蒂固，因此很难测量。,否,负向,负向,-0.6666666865348816,0.024071842432022095
v0416,There are two approved ways of reporting income to external users.,向外部使用者报告收益有两种获认可的方式。,向外部使用者报告收益有两种获认可的方式。,否,正向,中性,0.3333333432674408,0.11604063212871552
v0417,"This format is not acceptable for external reporting, but it is used almost exclusively for internal reporting and decision-making purposes.",这种格式不适用于对外报告，但它几乎只用于内部报告和决策。,这种格式不适用于对外报告，但它几乎只用于内部报告和决策。,否,负向,中性,-0.3333333432674408,0.058907024562358856
v0418,Thus contribution margin is the incremental profit earned on each unit sold.,因此，边际贡献就是每销售一个单位所获得的增量利润。,因此，边际贡献就是每销售一个单位所获得的增量利润。,否,中性,中性,0.0,0.07502370327711105
v0427,Former Republican Florida Governor Charlie Crist has apologized for his past support for a ban on marriage and civil unions.,佛罗里达州前共和党州长查理·克里斯特，已为自己过去支持禁止婚姻和民事结合的做法道歉。,佛罗里达州前共和党州长查理·克里斯特，已为自己过去支持禁止婚姻和民事结合的做法道歉。,否,正向,负向,0.3333333432674408,-0.17016397416591644
v0444,And that's why we want to partner with the On The Table community,这就是为什么我们希望与On The Table社群合作。,这就是为什么我们希望与On The Table社群合作。,否,正向,正向,1.3333333730697632,0.44188636541366577
v0456,"The Mladic trial is in its pre-trial phase, so they're debating how exactly the trial will take place, exchanging evidence.",姆拉迪奇案目前处于审前阶段，所以他们正在讨论审判具体将如何进行，并交换证据。,姆拉迪奇案目前处于审前阶段，所以他们正在讨论审判具体将如何进行，并交换证据。,否,中性,中性,0.0,0.04156126454472542
v0489,I'm going to have all the information tomorrow probably in the afternoon or evening about when Guitar Hero is actually revealed and all the information we know about it.,明天，大概下午或晚上，我会掌握所有信息，包括《吉他英雄》究竟何时公布，以及我们所知道的关于它的一切。,明天，大概下午或晚上，我会掌握所有信息，包括《吉他英雄》究竟何时公布，以及我们所知道的关于它的一切。,否,正向,正向,0.6666666865348816,0.5590708255767822
v0500,"One very notable one is American Apparel, especially since they've filed bankruptcy twice within the period of a little bit over a year",一个非常值得注意的例子是 American Apparel，尤其是因为他们在一年多一点的时间里已经两次申请破产。,一个非常值得注意的例子是 American Apparel，尤其是因为他们在一年多一点的时间里已经两次申请破产。,否,负向,正向,-0.3333333432674408,0.4012874960899353
v0520,"She decides to distract herself by focusing on theater, but her focus is interrupted by the introduction of two fraternal twins, low ticket sales, and off stage drama",她决定专注于戏剧来转移注意力，但一对异卵双胞胎的出现、低迷的票房，以及舞台之外的纠葛打断了她的专注。,她决定专注于戏剧来转移注意力，但一对异卵双胞胎的出现、低迷的票房，以及舞台之外的纠葛打断了她的专注。,否,正向,负向,0.3333333432674408,-0.16362856328487396
v0526,Making him in direct violation of this law if it were to ever pass,如果这项法律有朝一日获得通过，那就会使他直接违反这项法律。,如果这项法律有朝一日获得通过，那就会使他直接违反这项法律。,否,负向,负向,-1.6666666269302368,-0.543116569519043
v0543,Also provide them with the contact information for the person who originally secured your services.,同时，向他们提供最初聘请你提供服务的那个人的联系方式。,同时，向他们提供最初聘请你提供服务的那个人的联系方式。,否,正向,中性,0.3333333432674408,0.15679310262203217
v0554,They just so much more convenient than stupid boots that take forever to put on and just aren't comfortable!,它们实在比那些蠢靴子方便多了，那些靴子穿起来要花半天，而且根本不舒服！,它们实在比那些蠢靴子方便多了，那些靴子穿起来要花半天，而且根本不舒服！,否,正向,负向,2.0,-1.84871244430542
v0563,"And while there have been Asian men who have been action heroes, like Bruce Lee and Jackie Chan, they’re more viewed as weapons or comic relief, not necessarily as romantic love interests.",虽然也有亚洲男性饰演过动作英雄，比如李小龙和成龙，但他们更多地被视为武器或搞笑担当，而不一定被视为爱情故事中的恋爱对象。,虽然也有亚洲男性饰演过动作英雄，比如李小龙和成龙，但他们更多地被视为武器或搞笑担当，而不一定被视为爱情故事中的恋爱对象。,否,负向,正向,-1.3333333730697632,0.65647953748703
v0566,"Since she is the new girl, Eleanor has no place to sit on the bus, but Park eventually lets her sit next to him.",因为埃莉诺是新来的女孩，她在公交车上没有地方坐，不过帕克最终让她坐在了自己旁边。,因为埃莉诺是新来的女孩，她在公交车上没有地方坐，不过帕克最终让她坐在了自己旁边。,否,正向,负向,0.3333333432674408,0.012072410434484482
v0609,"If you select an accelerated delivery you can see your ad every single time you search your query, but do be aware that this is incredibly budget intensive and especially if you are in a large search volume industry.",如果你选择加速投放，那么每次搜索你的查询词时都能看到自己的广告，但务必注意，这会大量消耗预算，尤其是当你所在行业的搜索量很大时。,如果你选择加速投放，那么每次搜索你的查询词时都能看到自己的广告，但务必注意，这会大量消耗预算，尤其是当你所在行业的搜索量很大时。,否,正向,正向,0.6666666865348816,0.21144744753837585
v0612,"In AdWords, daily and monthly budgets are set to reflect what you would like to see from your campaign spend.",在 AdWords 中，设置每日和每月预算，是为了反映你期望的广告活动支出。,在 AdWords 中，设置每日和每月预算，是为了反映你期望的广告活动支出。,否,中性,正向,0.0,0.24461843073368073
v0614,This is a definite reason why your ads will not be showing.,这确实是你的广告不会展示的一个原因。,这确实是你的广告不会展示的一个原因。,否,中性,中性,0.0,0.0665578842163086
v0626,"In this lesson you will learn about latency and throughput, which we use as a measure of computer performance.",在本课中，你将学习延迟和吞吐量，我们用它们来衡量计算机性能。,在本课中，你将学习延迟和吞吐量，我们用它们来衡量计算机性能。,否,正向,中性,1.0,0.07527115941047668
v0629,"And then they host them on websites that utilize flash, that is not even indexable or searchable.",然后，他们把这些内容放在使用 Flash 的网站上，这些内容甚至无法被索引或搜索到。,然后，他们把这些内容放在使用 Flash 的网站上，这些内容甚至无法被索引或搜索到。,否,负向,中性,-0.3333333432674408,-0.005277138203382492
v0634,So Thank you to everyone who has donated it has been an amazing journey so far and I can't wait... there's 18 days left and... It's gonna rock!,所以，感谢所有捐款的人。到目前为止，这是一段令人惊叹的旅程，我已经等不及了……还剩 18 天，而且……一定会很精彩！,所以，感谢所有捐款的人。到目前为止，这是一段令人惊叹的旅程，我已经等不及了……还剩 18 天，而且……一定会很精彩！,否,正向,正向,2.6666667461395264,0.1477595567703247
v0666,Now why do I say that,那么，我为什么这么说呢？,那么，我为什么这么说呢？,否,负向,中性,-0.3333333432674408,0.017888661473989487
v0669,Retail earnings did very little for consumer discretionary exchange traded funds.,零售业盈利对非必需消费品交易所交易基金的提振作用微乎其微。,零售业盈利对非必需消费品交易所交易基金的提振作用微乎其微。,否,正向,负向,0.3333333432674408,-0.437133252620697
v0670,"And my group is basically doing it on natural water filters using plants to purify water, which is basically a natural way to get rid of carcinogens in the water supply for people and underdeveloped countries can get access to clean water more efficiently than  paying so much money for all the devices or just like... not having water at all.",我们小组基本上是在研究天然水过滤器，利用植物净化水。这基本上是一种去除供人们使用的水源中致癌物的自然方法，让欠发达国家能够更高效地获得清洁用水，而不是花那么多钱购买各种设备，或者就像……根本没有水可用。,我们小组基本上是在研究天然水过滤器，利用植物净化水。这基本上是一种去除供人们使用的水源中致癌物的自然方法，让欠发达国家能够获得……,是,中性,中性,0.0,-0.0021891333162784576
v0677,"” The Rockets certified athletic trainer is Victoria Simonetti, and she also relies on the help of the managers",” 火箭队的认证运动防护师是维多利亚·西蒙内蒂，她也需要球队管理员的帮助。,” 火箭队的认证运动防护师是维多利亚·西蒙内蒂，她也需要球队管理员的帮助。,否,正向,正向,1.0,0.5065121650695801
v0704,They were using CENTORRINO as well and had good reports back about those so we thought we'd have a chat,他们也在使用 CENTORRINO，而且收到的相关反馈不错，所以我们就想聊一聊。,他们也在使用 CENTORRINO，而且收到的相关反馈不错，所以我们就想聊一聊。,否,中性,正向,0.0,0.41361191868782043
v0708,All of these exercises are jean friendly and guarantee getting in some fitness time even on work hours,所有这些练习都适合穿着牛仔裤做，能保证你即使在工作时间也能抽出一些时间健身。,所有这些练习都适合穿着牛仔裤做，能保证你即使在工作时间也能抽出一些时间健身。,否,中性,正向,0.0,1.7171456813812256
