样本编号,真实情感,预测情感,分类正确,强度绝对误差,使分类恢复正确的已检验原词,分析说明
v0003,中性,负向,否,1.7316386699676514,[],"真实类别1，预测类别0，强度绝对误差1.732。错误类别相对真实类别的优势，其训练均值参考Shapley贡献为：文本=+4.8855, 语音=-0.0182, 视觉=-0.1127。这里的正值支持错误类别相对真实类别的优势，负值抵消这种优势。对原预测第一名与第二名优势具有较大正向文本净贡献的词包括：went, huge, losses。完整词未知词标记替换后改判正确的已检验词：无。词替换会重新编码全文；以上为具体操作下的可复核模型响应，不据此断言词语语义本身是错误原因。"
v0014,负向,正向,否,3.375225782394409,[],"真实类别0，预测类别2，强度绝对误差3.375。错误类别相对真实类别的优势，其训练均值参考Shapley贡献为：文本=-0.2604, 语音=+0.3010, 视觉=+0.5465。这里的正值支持错误类别相对真实类别的优势，负值抵消这种优势。对原预测第一名与第二名优势具有较大正向文本净贡献的词包括：like, probably, would。完整词未知词标记替换后改判正确的已检验词：无。词替换会重新编码全文；以上为具体操作下的可复核模型响应，不据此断言词语语义本身是错误原因。"
v0017,正向,负向,否,2.1350741386413574,[],"真实类别2，预测类别0，强度绝对误差2.135。错误类别相对真实类别的优势，其训练均值参考Shapley贡献为：文本=+4.2507, 语音=+0.2456, 视觉=+0.5958。这里的正值支持错误类别相对真实类别的优势，负值抵消这种优势。对原预测第一名与第二名优势具有较大正向文本净贡献的词包括：no, of, mean。完整词未知词标记替换后改判正确的已检验词：无。词替换会重新编码全文；以上为具体操作下的可复核模型响应，不据此断言词语语义本身是错误原因。"
v0048,负向,负向,是,0.31085094809532166,[],"真实类别0，预测类别0，强度绝对误差0.311。对原预测第一名与第二名优势具有较大正向文本净贡献的词包括：do, would, like。词替换会重新编码全文；以上为具体操作下的可复核模型响应，不据此断言词语语义本身是错误原因。"
v0050,正向,负向,否,2.264078438282013,"[""Darko"", ""weird"", ""still"", ""stutter""]","真实类别2，预测类别0，强度绝对误差2.264。错误类别相对真实类别的优势，其训练均值参考Shapley贡献为：文本=+2.2746, 语音=+0.1714, 视觉=+0.5553。这里的正值支持错误类别相对真实类别的优势，负值抵消这种优势。对原预测第一名与第二名优势具有较大正向文本净贡献的词包括：weird, Darko, still。完整词未知词标记替换后改判正确的已检验词：Darko, weird, still, stutter。词替换会重新编码全文；以上为具体操作下的可复核模型响应，不据此断言词语语义本身是错误原因。"
v0062,负向,负向,是,0.10307931900024414,[],"真实类别0，预测类别0，强度绝对误差0.103。对原预测第一名与第二名优势具有较大正向文本净贡献的词包括：no, really, are。词替换会重新编码全文；以上为具体操作下的可复核模型响应，不据此断言词语语义本身是错误原因。"
v0063,中性,中性,是,0.1660771667957306,[],"真实类别1，预测类别1，强度绝对误差0.166。对原预测第一名与第二名优势具有较大正向文本净贡献的词包括：umm, uhh, It's。词替换会重新编码全文；以上为具体操作下的可复核模型响应，不据此断言词语语义本身是错误原因。"
v0069,负向,正向,否,2.1130521297454834,[],"真实类别0，预测类别2，强度绝对误差2.113。错误类别相对真实类别的优势，其训练均值参考Shapley贡献为：文本=+1.5434, 语音=-0.1800, 视觉=-0.8758。这里的正值支持错误类别相对真实类别的优势，负值抵消这种优势。对原预测第一名与第二名优势具有较大正向文本净贡献的词包括：Definitely, tireless, laugh。完整词未知词标记替换后改判正确的已检验词：无。词替换会重新编码全文；以上为具体操作下的可复核模型响应，不据此断言词语语义本身是错误原因。"
v0072,中性,中性,是,0.01760033145546913,[],"真实类别1，预测类别1，强度绝对误差0.018。对原预测第一名与第二名优势具有较大正向文本净贡献的词包括：small, a, in。词替换会重新编码全文；以上为具体操作下的可复核模型响应，不据此断言词语语义本身是错误原因。"
v0083,负向,负向,是,2.644235610961914,[],"真实类别0，预测类别0，强度绝对误差2.644。对原预测第一名与第二名优势具有较大正向文本净贡献的词包括：junk, should, rated。词替换会重新编码全文；以上为具体操作下的可复核模型响应，不据此断言词语语义本身是错误原因。"
v0128,负向,负向,是,0.9114456176757812,[],"真实类别0，预测类别0，强度绝对误差0.911。对原预测第一名与第二名优势具有较大正向文本净贡献的词包括：desperate, really, you're。词替换会重新编码全文；以上为具体操作下的可复核模型响应，不据此断言词语语义本身是错误原因。"
v0138,中性,正向,否,0.40637916326522827,[],"真实类别1，预测类别2，强度绝对误差0.406。错误类别相对真实类别的优势，其训练均值参考Shapley贡献为：文本=+0.9421, 语音=-0.0987, 视觉=-1.2933。这里的正值支持错误类别相对真实类别的优势，负值抵消这种优势。对原预测第一名与第二名优势具有较大正向文本净贡献的词包括：entertaining, people, think。完整词未知词标记替换后改判正确的已检验词：无。词替换会重新编码全文；以上为具体操作下的可复核模型响应，不据此断言词语语义本身是错误原因。"
v0143,负向,负向,是,1.0863418579101562,[],"真实类别0，预测类别0，强度绝对误差1.086。对原预测第一名与第二名优势具有较大正向文本净贡献的词包括：doesn't, fail, its。词替换会重新编码全文；以上为具体操作下的可复核模型响应，不据此断言词语语义本身是错误原因。"
v0144,负向,负向,是,0.7551372051239014,[],"真实类别0，预测类别0，强度绝对误差0.755。对原预测第一名与第二名优势具有较大正向文本净贡献的词包括：little, substance, this。词替换会重新编码全文；以上为具体操作下的可复核模型响应，不据此断言词语语义本身是错误原因。"
v0156,正向,正向,是,0.5442841053009033,[],"真实类别2，预测类别2，强度绝对误差0.544。对原预测第一名与第二名优势具有较大正向文本净贡献的词包括：always, hard, worked。词替换会重新编码全文；以上为具体操作下的可复核模型响应，不据此断言词语语义本身是错误原因。"
v0161,中性,中性,是,0.02543436363339424,[],"真实类别1，预测类别1，强度绝对误差0.025。对原预测第一名与第二名优势具有较大正向文本净贡献的词包括：umm, werewolf, a。词替换会重新编码全文；以上为具体操作下的可复核模型响应，不据此断言词语语义本身是错误原因。"
v0182,中性,中性,是,0.11613258719444275,[],"真实类别1，预测类别1，强度绝对误差0.116。对原预测第一名与第二名优势具有较大正向文本净贡献的词包括：KITAEFF, gt, Psychological。词替换会重新编码全文；以上为具体操作下的可复核模型响应，不据此断言词语语义本身是错误原因。"
v0189,负向,负向,是,0.003836393356323242,[],"真实类别0，预测类别0，强度绝对误差0.004。对原预测第一名与第二名优势具有较大正向文本净贡献的词包括：didn't, like, it。词替换会重新编码全文；以上为具体操作下的可复核模型响应，不据此断言词语语义本身是错误原因。"
v0207,中性,正向,否,1.0234224796295166,[],"真实类别1，预测类别2，强度绝对误差1.023。错误类别相对真实类别的优势，其训练均值参考Shapley贡献为：文本=+1.5208, 语音=-0.1828, 视觉=-0.4019。这里的正值支持错误类别相对真实类别的优势，负值抵消这种优势。对原预测第一名与第二名优势具有较大正向文本净贡献的词包括：sometime, that, on。完整词未知词标记替换后改判正确的已检验词：无。词替换会重新编码全文；以上为具体操作下的可复核模型响应，不据此断言词语语义本身是错误原因。"
v0218,中性,正向,否,0.36471372842788696,"[""A""]","真实类别1，预测类别2，强度绝对误差0.365。错误类别相对真实类别的优势，其训练均值参考Shapley贡献为：文本=+1.5635, 语音=-0.8475, 视觉=-0.9047。这里的正值支持错误类别相对真实类别的优势，负值抵消这种优势。对原预测第一名与第二名优势具有较大正向文本净贡献的词包括：Hope, New, Strikes。完整词未知词标记替换后改判正确的已检验词：A。词替换会重新编码全文；以上为具体操作下的可复核模型响应，不据此断言词语语义本身是错误原因。"
v0230,中性,正向,否,0.14833925664424896,"[""The"", ""acclaimed"", ""series""]","真实类别1，预测类别2，强度绝对误差0.148。错误类别相对真实类别的优势，其训练均值参考Shapley贡献为：文本=+0.5415, 语音=-0.6590, 视觉=-1.0683。这里的正值支持错误类别相对真实类别的优势，负值抵消这种优势。对原预测第一名与第二名优势具有较大正向文本净贡献的词包括：acclaimed, The。完整词未知词标记替换后改判正确的已检验词：The, acclaimed, series。词替换会重新编码全文；以上为具体操作下的可复核模型响应，不据此断言词语语义本身是错误原因。"
v0243,正向,正向,是,0.4079563617706299,[],"真实类别2，预测类别2，强度绝对误差0.408。对原预测第一名与第二名优势具有较大正向文本净贡献的词包括：great, great, advantages。词替换会重新编码全文；以上为具体操作下的可复核模型响应，不据此断言词语语义本身是错误原因。"
v0249,负向,正向,否,2.3339898586273193,"[""but""]","真实类别0，预测类别2，强度绝对误差2.334。错误类别相对真实类别的优势，其训练均值参考Shapley贡献为：文本=-0.8370, 语音=+0.0228, 视觉=-0.1317。这里的正值支持错误类别相对真实类别的优势，负值抵消这种优势。对原预测第一名与第二名优势具有较大正向文本净贡献的词包括：nice, are, The。完整词未知词标记替换后改判正确的已检验词：but。词替换会重新编码全文；以上为具体操作下的可复核模型响应，不据此断言词语语义本身是错误原因。"
v0257,正向,正向,是,0.1500169038772583,[],"真实类别2，预测类别2，强度绝对误差0.150。对原预测第一名与第二名优势具有较大正向文本净贡献的词包括：until, your, you。词替换会重新编码全文；以上为具体操作下的可复核模型响应，不据此断言词语语义本身是错误原因。"
v0264,正向,正向,是,0.12649565935134888,[],"真实类别2，预测类别2，强度绝对误差0.126。对原预测第一名与第二名优势具有较大正向文本净贡献的词包括：firm, believer, in。词替换会重新编码全文；以上为具体操作下的可复核模型响应，不据此断言词语语义本身是错误原因。"
v0289,中性,正向,否,0.29557979106903076,[],"真实类别1，预测类别2，强度绝对误差0.296。错误类别相对真实类别的优势，其训练均值参考Shapley贡献为：文本=+1.2873, 语音=-0.5136, 视觉=-1.1297。这里的正值支持错误类别相对真实类别的优势，负值抵消这种优势。对原预测第一名与第二名优势具有较大正向文本净贡献的词包括：Home, Gift, closes。完整词未知词标记替换后改判正确的已检验词：无。词替换会重新编码全文；以上为具体操作下的可复核模型响应，不据此断言词语语义本身是错误原因。"
v0300,负向,负向,是,0.05933964252471924,[],"真实类别0，预测类别0，强度绝对误差0.059。对原预测第一名与第二名优势具有较大正向文本净贡献的词包括：superficial, too, of。词替换会重新编码全文；以上为具体操作下的可复核模型响应，不据此断言词语语义本身是错误原因。"
v0312,负向,中性,否,0.9721402265131474,[],"真实类别0，预测类别1，强度绝对误差0.972。错误类别相对真实类别的优势，其训练均值参考Shapley贡献为：文本=-1.3108, 语音=+0.2182, 视觉=+0.0749。这里的正值支持错误类别相对真实类别的优势，负值抵消这种优势。对原预测第一名与第二名优势具有较大正向文本净贡献的词包括：this, stuff, about。完整词未知词标记替换后改判正确的已检验词：无。词替换会重新编码全文；以上为具体操作下的可复核模型响应，不据此断言词语语义本身是错误原因。"
v0338,中性,中性,是,0.15079286694526672,[],"真实类别1，预测类别1，强度绝对误差0.151。对原预测第一名与第二名优势具有较大正向文本净贡献的词包括：it, guide, There。词替换会重新编码全文；以上为具体操作下的可复核模型响应，不据此断言词语语义本身是错误原因。"
v0347,中性,中性,是,0.08128421008586884,[],"真实类别1，预测类别1，强度绝对误差0.081。对原预测第一名与第二名优势具有较大正向文本净贡献的词包括：to, consider, want。词替换会重新编码全文；以上为具体操作下的可复核模型响应，不据此断言词语语义本身是错误原因。"
v0372,正向,正向,是,0.612912654876709,[],"真实类别2，预测类别2，强度绝对误差0.613。对原预测第一名与第二名优势具有较大正向文本净贡献的词包括：courage, to, the。词替换会重新编码全文；以上为具体操作下的可复核模型响应，不据此断言词语语义本身是错误原因。"
v0382,中性,正向,否,1.074610710144043,[],"真实类别1，预测类别2，强度绝对误差1.075。错误类别相对真实类别的优势，其训练均值参考Shapley贡献为：文本=+2.6133, 语音=-0.3164, 视觉=-0.4761。这里的正值支持错误类别相对真实类别的优势，负值抵消这种优势。对原预测第一名与第二名优势具有较大正向文本净贡献的词包括：think, can, I。完整词未知词标记替换后改判正确的已检验词：无。词替换会重新编码全文；以上为具体操作下的可复核模型响应，不据此断言词语语义本身是错误原因。"
v0388,负向,正向,否,0.9608587026596069,[],"真实类别0，预测类别2，强度绝对误差0.961。错误类别相对真实类别的优势，其训练均值参考Shapley贡献为：文本=+0.2583, 语音=-0.0869, 视觉=-0.3546。这里的正值支持错误类别相对真实类别的优势，负值抵消这种优势。对原预测第一名与第二名优势具有较大正向文本净贡献的词包括：startup, his, with。完整词未知词标记替换后改判正确的已检验词：无。词替换会重新编码全文；以上为具体操作下的可复核模型响应，不据此断言词语语义本身是错误原因。"
v0400,负向,负向,是,0.6907385289669037,[],"真实类别0，预测类别0，强度绝对误差0.691。对原预测第一名与第二名优势具有较大正向文本净贡献的词包括：difficult, they're, so。词替换会重新编码全文；以上为具体操作下的可复核模型响应，不据此断言词语语义本身是错误原因。"
v0416,正向,中性,否,0.21729271113872528,"[""ways"", ""reporting""]","真实类别2，预测类别1，强度绝对误差0.217。错误类别相对真实类别的优势，其训练均值参考Shapley贡献为：文本=+0.5786, 语音=+0.3739, 视觉=+0.7543。这里的正值支持错误类别相对真实类别的优势，负值抵消这种优势。对原预测第一名与第二名优势具有较大正向文本净贡献的词包括：are, reporting, to。完整词未知词标记替换后改判正确的已检验词：ways, reporting。词替换会重新编码全文；以上为具体操作下的可复核模型响应，不据此断言词语语义本身是错误原因。"
v0417,负向,中性,否,0.39224036782979965,"[""but""]","真实类别0，预测类别1，强度绝对误差0.392。错误类别相对真实类别的优势，其训练均值参考Shapley贡献为：文本=-0.5975, 语音=+0.2086, 视觉=-0.2182。这里的正值支持错误类别相对真实类别的优势，负值抵消这种优势。对原预测第一名与第二名优势具有较大正向文本净贡献的词包括：not, acceptable, This。完整词未知词标记替换后改判正确的已检验词：but。词替换会重新编码全文；以上为具体操作下的可复核模型响应，不据此断言词语语义本身是错误原因。"
v0418,中性,中性,是,0.07502370327711105,[],"真实类别1，预测类别1，强度绝对误差0.075。对原预测第一名与第二名优势具有较大正向文本净贡献的词包括：incremental, Thus, the。词替换会重新编码全文；以上为具体操作下的可复核模型响应，不据此断言词语语义本身是错误原因。"
v0427,正向,负向,否,0.5034973174333572,[],"真实类别2，预测类别0，强度绝对误差0.503。错误类别相对真实类别的优势，其训练均值参考Shapley贡献为：文本=+3.6445, 语音=-0.1997, 视觉=+0.1351。这里的正值支持错误类别相对真实类别的优势，负值抵消这种优势。对原预测第一名与第二名优势具有较大正向文本净贡献的词包括：past, apologized, for。完整词未知词标记替换后改判正确的已检验词：无。词替换会重新编码全文；以上为具体操作下的可复核模型响应，不据此断言词语语义本身是错误原因。"
v0444,正向,正向,是,0.8914470076560974,[],"真实类别2，预测类别2，强度绝对误差0.891。对原预测第一名与第二名优势具有较大正向文本净贡献的词包括：want, partner, with。词替换会重新编码全文；以上为具体操作下的可复核模型响应，不据此断言词语语义本身是错误原因。"
v0456,中性,中性,是,0.04156126454472542,[],"真实类别1，预测类别1，强度绝对误差0.042。对原预测第一名与第二名优势具有较大正向文本净贡献的词包括：phase, pre-trial, Mladic。词替换会重新编码全文；以上为具体操作下的可复核模型响应，不据此断言词语语义本身是错误原因。"
v0489,正向,正向,是,0.10759586095809937,[],"真实类别2，预测类别2，强度绝对误差0.108。对原预测第一名与第二名优势具有较大正向文本净贡献的词包括：probably, tomorrow, in。词替换会重新编码全文；以上为具体操作下的可复核模型响应，不据此断言词语语义本身是错误原因。"
v0500,负向,正向,否,0.7346208393573761,[],"真实类别0，预测类别2，强度绝对误差0.735。错误类别相对真实类别的优势，其训练均值参考Shapley贡献为：文本=-0.4050, 语音=+0.0405, 视觉=-0.7982。这里的正值支持错误类别相对真实类别的优势，负值抵消这种优势。对原预测第一名与第二名优势具有较大正向文本净贡献的词包括：very, especially, notable。完整词未知词标记替换后改判正确的已检验词：无。词替换会重新编码全文；以上为具体操作下的可复核模型响应，不据此断言词语语义本身是错误原因。"
v0520,正向,负向,否,0.49696190655231476,"[""low"", ""ticket"", ""of"", ""by"", ""focusing"", ""herself""]","真实类别2，预测类别0，强度绝对误差0.497。错误类别相对真实类别的优势，其训练均值参考Shapley贡献为：文本=+3.6198, 语音=-0.0405, 视觉=-0.3419。这里的正值支持错误类别相对真实类别的优势，负值抵消这种优势。对原预测第一名与第二名优势具有较大正向文本净贡献的词包括：low, interrupted, and。完整词未知词标记替换后改判正确的已检验词：low, ticket, of, by, focusing, herself。词替换会重新编码全文；以上为具体操作下的可复核模型响应，不据此断言词语语义本身是错误原因。"
v0526,负向,负向,是,1.1235500574111938,[],"真实类别0，预测类别0，强度绝对误差1.124。对原预测第一名与第二名优势具有较大正向文本净贡献的词包括：direct, violation, in。词替换会重新编码全文；以上为具体操作下的可复核模型响应，不据此断言词语语义本身是错误原因。"
v0543,正向,中性,否,0.17654024064540863,"[""secured"", ""the"", ""originally"", ""the""]","真实类别2，预测类别1，强度绝对误差0.177。错误类别相对真实类别的优势，其训练均值参考Shapley贡献为：文本=-0.0831, 语音=+0.7697, 视觉=+0.6278。这里的正值支持错误类别相对真实类别的优势，负值抵消这种优势。对原预测第一名与第二名优势具有较大正向文本净贡献的词包括：for, information, Also。完整词未知词标记替换后改判正确的已检验词：secured, the, originally, the。词替换会重新编码全文；以上为具体操作下的可复核模型响应，不据此断言词语语义本身是错误原因。"
v0554,正向,负向,否,3.84871244430542,"[""aren't""]","真实类别2，预测类别0，强度绝对误差3.849。错误类别相对真实类别的优势，其训练均值参考Shapley贡献为：文本=+4.7386, 语音=-0.0176, 视觉=+0.9736。这里的正值支持错误类别相对真实类别的优势，负值抵消这种优势。对原预测第一名与第二名优势具有较大正向文本净贡献的词包括：aren't, take, just。完整词未知词标记替换后改判正确的已检验词：aren't。词替换会重新编码全文；以上为具体操作下的可复核模型响应，不据此断言词语语义本身是错误原因。"
v0563,负向,正向,否,1.9898129105567932,[],"真实类别0，预测类别2，强度绝对误差1.990。错误类别相对真实类别的优势，其训练均值参考Shapley贡献为：文本=+1.0298, 语音=-0.1134, 视觉=-0.6974。这里的正值支持错误类别相对真实类别的优势，负值抵消这种优势。对原预测第一名与第二名优势具有较大正向文本净贡献的词包括：weapons, been, comic。完整词未知词标记替换后改判正确的已检验词：无。词替换会重新编码全文；以上为具体操作下的可复核模型响应，不据此断言词语语义本身是错误原因。"
v0566,正向,负向,否,0.3212609328329563,[],"真实类别2，预测类别0，强度绝对误差0.321。错误类别相对真实类别的优势，其训练均值参考Shapley贡献为：文本=+2.9763, 语音=+0.0915, 视觉=-0.0484。这里的正值支持错误类别相对真实类别的优势，负值抵消这种优势。对原预测第一名与第二名优势具有较大正向文本净贡献的词包括：no, place, to。完整词未知词标记替换后改判正确的已检验词：无。词替换会重新编码全文；以上为具体操作下的可复核模型响应，不据此断言词语语义本身是错误原因。"
v0609,正向,正向,是,0.45521923899650574,[],"真实类别2，预测类别2，强度绝对误差0.455。对原预测第一名与第二名优势具有较大正向文本净贡献的词包括：incredibly, aware, especially。词替换会重新编码全文；以上为具体操作下的可复核模型响应，不据此断言词语语义本身是错误原因。"
v0612,中性,正向,否,0.24461843073368073,[],"真实类别1，预测类别2，强度绝对误差0.245。错误类别相对真实类别的优势，其训练均值参考Shapley贡献为：文本=+0.4565, 语音=-0.4850, 视觉=-0.7371。这里的正值支持错误类别相对真实类别的优势，负值抵消这种优势。对原预测第一名与第二名优势具有较大正向文本净贡献的词包括：budgets, daily, monthly。完整词未知词标记替换后改判正确的已检验词：无。词替换会重新编码全文；以上为具体操作下的可复核模型响应，不据此断言词语语义本身是错误原因。"
v0614,中性,中性,是,0.0665578842163086,[],"真实类别1，预测类别1，强度绝对误差0.067。对原预测第一名与第二名优势具有较大正向文本净贡献的词包括：not, will, This。词替换会重新编码全文；以上为具体操作下的可复核模型响应，不据此断言词语语义本身是错误原因。"
v0626,正向,中性,否,0.9247288405895233,[],"真实类别2，预测类别1，强度绝对误差0.925。错误类别相对真实类别的优势，其训练均值参考Shapley贡献为：文本=-0.2966, 语音=+0.5100, 视觉=+1.6232。这里的正值支持错误类别相对真实类别的优势，负值抵消这种优势。对原预测第一名与第二名优势具有较大正向文本净贡献的词包括：latency, throughput, measure。完整词未知词标记替换后改判正确的已检验词：无。词替换会重新编码全文；以上为具体操作下的可复核模型响应，不据此断言词语语义本身是错误原因。"
v0629,负向,中性,否,0.3280562050640583,"[""that""]","真实类别0，预测类别1，强度绝对误差0.328。错误类别相对真实类别的优势，其训练均值参考Shapley贡献为：文本=-0.9645, 语音=+0.3978, 视觉=-0.1276。这里的正值支持错误类别相对真实类别的优势，负值抵消这种优势。对原预测第一名与第二名优势具有较大正向文本净贡献的词包括：flash, indexable, websites。完整词未知词标记替换后改判正确的已检验词：that。词替换会重新编码全文；以上为具体操作下的可复核模型响应，不据此断言词语语义本身是错误原因。"
v0634,正向,正向,是,2.5189071893692017,[],"真实类别2，预测类别2，强度绝对误差2.519。对原预测第一名与第二名优势具有较大正向文本净贡献的词包括：amazing, gonna, rock。词替换会重新编码全文；以上为具体操作下的可复核模型响应，不据此断言词语语义本身是错误原因。"
v0666,负向,中性,否,0.3512220047414303,[],"真实类别0，预测类别1，强度绝对误差0.351。错误类别相对真实类别的优势，其训练均值参考Shapley贡献为：文本=-0.6397, 语音=+0.3405, 视觉=+0.4636。这里的正值支持错误类别相对真实类别的优势，负值抵消这种优势。对原预测第一名与第二名优势具有较大正向文本净贡献的词包括：that, why, say。完整词未知词标记替换后改判正确的已检验词：无。词替换会重新编码全文；以上为具体操作下的可复核模型响应，不据此断言词语语义本身是错误原因。"
v0669,正向,负向,否,0.7704665958881378,[],"真实类别2，预测类别0，强度绝对误差0.770。错误类别相对真实类别的优势，其训练均值参考Shapley贡献为：文本=+3.8207, 语音=+0.2715, 视觉=+0.0400。这里的正值支持错误类别相对真实类别的优势，负值抵消这种优势。对原预测第一名与第二名优势具有较大正向文本净贡献的词包括：little, very, for。完整词未知词标记替换后改判正确的已检验词：无。词替换会重新编码全文；以上为具体操作下的可复核模型响应，不据此断言词语语义本身是错误原因。"
v0670,中性,中性,是,0.0021891333162784576,[],"真实类别1，预测类别1，强度绝对误差0.002。对原预测第一名与第二名优势具有较大正向文本净贡献的词包括：underdeveloped, to, carcinogens。词替换会重新编码全文；以上为具体操作下的可复核模型响应，不据此断言词语语义本身是错误原因。"
v0677,正向,正向,是,0.4934878349304199,[],"真实类别2，预测类别2，强度绝对误差0.493。对原预测第一名与第二名优势具有较大正向文本净贡献的词包括：certified, trainer, Rockets。词替换会重新编码全文；以上为具体操作下的可复核模型响应，不据此断言词语语义本身是错误原因。"
v0704,中性,正向,否,0.41361191868782043,[],"真实类别1，预测类别2，强度绝对误差0.414。错误类别相对真实类别的优势，其训练均值参考Shapley贡献为：文本=+1.2754, 语音=-0.7579, 视觉=-0.6810。这里的正值支持错误类别相对真实类别的优势，负值抵消这种优势。对原预测第一名与第二名优势具有较大正向文本净贡献的词包括：good, thought, and。完整词未知词标记替换后改判正确的已检验词：无。词替换会重新编码全文；以上为具体操作下的可复核模型响应，不据此断言词语语义本身是错误原因。"
v0708,中性,正向,否,1.7171456813812256,[],"真实类别1，预测类别2，强度绝对误差1.717。错误类别相对真实类别的优势，其训练均值参考Shapley贡献为：文本=+2.2705, 语音=-0.1703, 视觉=+0.1529。这里的正值支持错误类别相对真实类别的优势，负值抵消这种优势。对原预测第一名与第二名优势具有较大正向文本净贡献的词包括：fitness, some, friendly。完整词未知词标记替换后改判正确的已检验词：无。词替换会重新编码全文；以上为具体操作下的可复核模型响应，不据此断言词语语义本身是错误原因。"
