样本编号,解释任务,模态,重要性名次,原词,中文释义,原始字符范围,模型可见字符范围,编码位置,原词序号,绝对归因量,有符号净归因,开始时间秒,结束时间秒,证据状态,对齐状态,对齐分数,对齐复核原因,原特征时间来源,媒体文件相对路径
01,情感极性,文本,1,to,以；用于,"[110, 112]","[[110, 112]]",[18],17,5.2080397549771185,-0.5178050724476527,6.844665,6.92472,已精确定位原文,对齐通过,0.9999,无,不适用,
01,情感极性,文本,2,essential,至关重要的,"[66, 75]","[[66, 75]]",[11],10,3.4567689361248557,-0.09375330116584311,3.782578,4.262906,已精确定位原文,对齐通过,0.9996,无,不适用,
01,情感极性,文本,3,ensuring,确保,"[79, 87]","[[79, 87]]",[13],12,3.4388200034696568,-0.24457321864124307,4.623151,5.023424,已精确定位原文,对齐通过,0.906,无,不适用,
01,情感极性,语音,1,Replacing,更换,"[0, 9]","[[0, 9]]",[1],0,0.35029957484777163,0.0025538729073297083,0.520355,0.940641,词语时间关联可用,对齐通过,1.0,无,不可获得,samples/01/audio_clips/word000_520355_940641.wav
01,情感极性,语音,2,mileage,使用里程,"[117, 124]","[[117, 121], [121, 124]]","[20, 21]",19,0.30402201032200427,0.044002114746147986,7.244938,7.625197,词语时间关联可用,对齐通过,0.6225,无,不可获得,samples/01/audio_clips/word019_7244938_7625197.wav
01,情感极性,语音,3,these,这些,"[10, 15]","[[10, 15]]",[2],1,0.2648893319588998,-0.001489652709188283,1.000682,1.140778,词语时间关联可用,对齐通过,0.9966,无,不可获得,samples/01/audio_clips/word001_1000682_1140778.wav
01,情感极性,视觉,1,mileage,使用里程,"[117, 124]","[[117, 121], [121, 124]]","[20, 21]",19,0.330216926839455,-0.05165945621331171,7.244938,7.625197,词语时间关联可用,对齐通过,0.6225,无,不可获得,samples/01/keyframes/frame000223.png
01,情感极性,视觉,2,to,以；用于,"[110, 112]","[[110, 112]]",[18],17,0.1647945888553723,-0.021642820709978246,6.844665,6.92472,词语时间关联可用,对齐通过,0.9999,无,不可获得,samples/01/keyframes/frame000206.png
01,情感极性,视觉,3,when,当……时,"[32, 36]","[[32, 36]]",[5],4,0.16415577135719286,0.01958409046364888,2.001364,2.101432,词语时间关联可用,对齐通过,0.9997,无,不可获得,samples/01/keyframes/frame000061.png
01,情感强度,文本,1,to,以；用于,"[110, 112]","[[110, 112]]",[18],17,1.1694011054998468,0.11868226474583188,6.844665,6.92472,已精确定位原文,对齐通过,0.9999,无,不适用,
01,情感强度,文本,2,essential,至关重要的,"[66, 75]","[[66, 75]]",[11],10,0.811548042233927,0.024441983193924415,3.782578,4.262906,已精确定位原文,对齐通过,0.9996,无,不适用,
01,情感强度,文本,3,ensuring,确保,"[79, 87]","[[79, 87]]",[13],12,0.7861141450491806,0.05580697611843226,4.623151,5.023424,已精确定位原文,对齐通过,0.906,无,不适用,
01,情感强度,语音,1,Replacing,更换,"[0, 9]","[[0, 9]]",[1],0,0.08319971263192058,0.00147170314315176,0.520355,0.940641,词语时间关联可用,对齐通过,1.0,无,不可获得,samples/01/audio_clips/word000_520355_940641.wav
01,情感强度,语音,2,mileage,使用里程,"[117, 124]","[[117, 121], [121, 124]]","[20, 21]",19,0.07408691287951855,-0.010191281029282746,7.244938,7.625197,词语时间关联可用,对齐通过,0.6225,无,不可获得,samples/01/audio_clips/word019_7244938_7625197.wav
01,情感强度,语音,3,these,这些,"[10, 15]","[[10, 15]]",[2],1,0.0645830675963947,0.0015903075180084326,1.000682,1.140778,词语时间关联可用,对齐通过,0.9966,无,不可获得,samples/01/audio_clips/word001_1000682_1140778.wav
01,情感强度,视觉,1,mileage,使用里程,"[117, 124]","[[117, 121], [121, 124]]","[20, 21]",19,0.11955657235446868,0.02460996803483768,7.244938,7.625197,词语时间关联可用,对齐通过,0.6225,无,不可获得,samples/01/keyframes/frame000223.png
01,情感强度,视觉,2,requirements,要求,"[125, 137]","[[125, 137]]",[22],20,0.060712699415359776,0.011890441966283208,7.685238,8.265634,词语时间关联可用,对齐通过,0.9895,无,不可获得,samples/01/keyframes/frame000239.png
01,情感强度,视觉,3,to,以；用于,"[110, 112]","[[110, 112]]",[18],17,0.058045088509947815,0.010677323184996822,6.844665,6.92472,词语时间关联可用,对齐通过,0.9999,无,不可获得,samples/01/keyframes/frame000206.png
02,情感极性,文本,1,misery,痛苦,"[64, 70]","[[64, 70]]",[18],12,13.271661842285965,2.183772635700282,2.486256,2.766962,已精确定位原文,对齐通过,0.9999,无,不适用,
02,情感极性,文本,2,other’s,对方的,"[24, 31]","[[24, 29], [29, 30], [30, 31]]","[7, 8, 9]",6,8.776671514007232,-0.3486337828439455,1.243128,1.423582,已精确定位原文,对齐通过,0.9967,无,不适用,
02,情感极性,文本,3,other’s,对方的,"[56, 63]","[[56, 61], [61, 62], [62, 63]]","[15, 16, 17]",11,8.666926858562762,0.5009744879553248,2.245651,2.446155,已精确定位原文,对齐通过,0.9874,无,不适用,
02,情感极性,语音,1,other’s,对方的,"[24, 31]","[[24, 29], [29, 30], [30, 31]]","[7, 8, 9]",6,0.7672974808431412,0.13799019095761503,1.243128,1.423582,词语时间关联可用,对齐通过,0.9967,无,不可获得,samples/02/audio_clips/word006_1243128_1423582.wav
02,情感极性,语音,2,other’s,对方的,"[56, 63]","[[56, 61], [61, 62], [62, 63]]","[15, 16, 17]",11,0.7665515309273132,0.13946055738435875,2.245651,2.446155,词语时间关联可用,对齐通过,0.9874,无,不可获得,samples/02/audio_clips/word011_2245651_2446155.wav
02,情感极性,语音,3,to,用于连接后续动词,"[8, 10]","[[8, 10]]",[3],2,0.5709463996480721,0.030067826758446093,0.741867,0.781968,词语时间关联可用,对齐通过,0.996,无,不可获得,samples/02/audio_clips/word002_741867_781968.wav
02,情感极性,视觉,1,other’s,对方的,"[56, 63]","[[56, 61], [61, 62], [62, 63]]","[15, 16, 17]",11,0.707765695145671,0.16332225181291676,2.245651,2.446155,词语时间关联可用,对齐通过,0.9874,无,不可获得,samples/02/keyframes/frame000070.png
02,情感极性,视觉,2,other’s,对方的,"[24, 31]","[[24, 29], [29, 30], [30, 31]]","[7, 8, 9]",6,0.6460604263852747,0.13251181921026262,1.243128,1.423582,词语时间关联可用,对齐通过,0.9967,无,不可获得,samples/02/keyframes/frame000040.png
02,情感极性,视觉,3,We,我们,"[0, 2]","[[0, 2]]",[1],0,0.2614375853238625,0.046097568373679065,0.481211,0.541362,词语时间关联可用,对齐通过,0.9992,无,不可获得,samples/02/keyframes/frame000015.png
02,情感强度,文本,1,misery,痛苦,"[64, 70]","[[64, 70]]",[18],12,2.6813985060864214,-0.3811047376050579,2.486256,2.766962,已精确定位原文,对齐通过,0.9999,无,不适用,
02,情感强度,文本,2,other’s,对方的,"[24, 31]","[[24, 29], [29, 30], [30, 31]]","[7, 8, 9]",6,1.7259720089650954,0.08832617428077633,1.243128,1.423582,已精确定位原文,对齐通过,0.9967,无,不适用,
02,情感强度,文本,3,other’s,对方的,"[56, 63]","[[56, 61], [61, 62], [62, 63]]","[15, 16, 17]",11,1.595693282374071,-0.07118350633651455,2.245651,2.446155,已精确定位原文,对齐通过,0.9874,无,不适用,
02,情感强度,语音,1,other’s,对方的,"[24, 31]","[[24, 29], [29, 30], [30, 31]]","[7, 8, 9]",6,0.3056324079204533,-0.03923183033918269,1.243128,1.423582,词语时间关联可用,对齐通过,0.9967,无,不可获得,samples/02/audio_clips/word006_1243128_1423582.wav
02,情感强度,语音,2,other’s,对方的,"[56, 63]","[[56, 61], [61, 62], [62, 63]]","[15, 16, 17]",11,0.268280069046564,-0.045764335472954124,2.245651,2.446155,词语时间关联可用,对齐通过,0.9874,无,不可获得,samples/02/audio_clips/word011_2245651_2446155.wav
02,情感强度,语音,3,to,用于连接后续动词,"[8, 10]","[[8, 10]]",[3],2,0.19344927304060114,-0.008180218579885334,0.741867,0.781968,词语时间关联可用,对齐通过,0.996,无,不可获得,samples/02/audio_clips/word002_741867_781968.wav
02,情感强度,视觉,1,other’s,对方的,"[56, 63]","[[56, 61], [61, 62], [62, 63]]","[15, 16, 17]",11,0.19588658724423952,-0.05568607404163777,2.245651,2.446155,词语时间关联可用,对齐通过,0.9874,无,不可获得,samples/02/keyframes/frame000070.png
02,情感强度,视觉,2,other’s,对方的,"[24, 31]","[[24, 29], [29, 30], [30, 31]]","[7, 8, 9]",6,0.1852318101238268,-0.04534221794590104,1.243128,1.423582,词语时间关联可用,对齐通过,0.9967,无,不可获得,samples/02/keyframes/frame000040.png
02,情感强度,视觉,3,We,我们,"[0, 2]","[[0, 2]]",[1],0,0.07181586457854411,-0.0141839193447146,0.481211,0.541362,词语时间关联可用,对齐通过,0.9992,无,不可获得,samples/02/keyframes/frame000015.png
03,情感极性,文本,1,think,认为,"[41, 46]","[[41, 46]]",[12],8,3.47055323898478,-0.4102843936465192,2.4059,2.546244,已精确定位原文,对齐通过,0.9717,无,不适用,
03,情感极性,文本,2,don't,不,"[68, 73]","[[68, 71], [71, 72], [72, 73]]","[18, 19, 20]",13,2.758651926628998,0.38749067009241417,4.531111,4.751652,已精确定位原文,对齐通过,0.9847,无,不适用,
03,情感极性,文本,3,Bankwest,Bankwest,"[55, 63]","[[55, 59], [59, 63]]","[15, 16]",11,2.236728868601338,-0.12673407691471492,3.007374,3.689046,已精确定位原文,对齐通过,0.9914,无,不适用,
03,情感极性,语音,1,don't,不,"[68, 73]","[[68, 71], [71, 72], [72, 73]]","[18, 19, 20]",13,0.3616089961444415,0.024980752401136126,4.531111,4.751652,词语时间关联可用,对齐通过,0.9847,无,不可获得,samples/03/audio_clips/word013_4531111_4751652.wav
03,情感极性,语音,2,There's,有,"[0, 7]","[[0, 5], [5, 6], [6, 7]]","[1, 2, 3]",0,0.27669960696610435,-0.021572923458381736,0.501229,0.72177,词语时间关联可用,对齐通过,0.938,无,不可获得,samples/03/audio_clips/word000_501229_721770.wav
03,情感极性,语音,3,Bankwest,Bankwest,"[55, 63]","[[55, 59], [59, 63]]","[15, 16]",11,0.24348757172163826,-0.03268978359706598,3.007374,3.689046,词语时间关联可用,对齐通过,0.9914,无,不可获得,samples/03/audio_clips/word011_3007374_3689046.wav
03,情感极性,视觉,1,into,纳入,"[130, 134]","[[130, 134]]",[31],23,0.316586244060955,-0.04125500080677082,8.480796,8.641189,词语时间关联可用,对齐通过,0.9992,无,不可获得,samples/03/keyframes/frame000256.png
03,情感极性,视觉,2,don't,不,"[68, 73]","[[68, 71], [71, 72], [72, 73]]","[18, 19, 20]",13,0.29734117569393786,-0.012189315883084076,4.531111,4.751652,词语时间关联可用,对齐通过,0.9847,无,不可获得,samples/03/keyframes/frame000139.png
03,情感极性,视觉,3,into,纳入,"[93, 97]","[[93, 97]]",[24],17,0.2686699439059243,0.02562892517153826,5.914503,6.135044,词语时间关联可用,对齐通过,0.9798,无,不可获得,samples/03/keyframes/frame000180.png
03,情感强度,文本,1,don't,不,"[68, 73]","[[68, 71], [71, 72], [72, 73]]","[18, 19, 20]",13,0.9919933354823343,-0.15177243794283274,4.531111,4.751652,已精确定位原文,对齐通过,0.9847,无,不适用,
03,情感强度,文本,2,think,认为,"[41, 46]","[[41, 46]]",[12],8,0.6646926296831139,0.08271305615376903,2.4059,2.546244,已精确定位原文,对齐通过,0.9717,无,不适用,
03,情感强度,文本,3,Bankwest,Bankwest,"[55, 63]","[[55, 59], [59, 63]]","[15, 16]",11,0.4604666431266359,0.02697022283818478,3.007374,3.689046,已精确定位原文,对齐通过,0.9914,无,不适用,
03,情感强度,语音,1,There's,有,"[0, 7]","[[0, 5], [5, 6], [6, 7]]","[1, 2, 3]",0,0.0629008509888962,0.0026991803627786637,0.501229,0.72177,词语时间关联可用,对齐通过,0.938,无,不可获得,samples/03/audio_clips/word000_501229_721770.wav
03,情感强度,语音,2,don't,不,"[68, 73]","[[68, 71], [71, 72], [72, 73]]","[18, 19, 20]",13,0.06041720686944334,-0.0009843581377856885,4.531111,4.751652,词语时间关联可用,对齐通过,0.9847,无,不可获得,samples/03/audio_clips/word013_4531111_4751652.wav
03,情感强度,语音,3,Bankwest,Bankwest,"[55, 63]","[[55, 59], [59, 63]]","[15, 16]",11,0.04986200022512819,0.008406762487937064,3.007374,3.689046,词语时间关联可用,对齐通过,0.9914,无,不可获得,samples/03/audio_clips/word011_3007374_3689046.wav
03,情感强度,视觉,1,into,纳入,"[130, 134]","[[130, 134]]",[31],23,0.09399651139629492,0.015110223211061499,8.480796,8.641189,词语时间关联可用,对齐通过,0.9992,无,不可获得,samples/03/keyframes/frame000256.png
03,情感强度,视觉,2,don't,不,"[68, 73]","[[68, 71], [71, 72], [72, 73]]","[18, 19, 20]",13,0.0819504845732071,0.005237784500187547,4.531111,4.751652,词语时间关联可用,对齐通过,0.9847,无,不可获得,samples/03/keyframes/frame000139.png
03,情感强度,视觉,3,income,收入,"[86, 92]","[[86, 92]]",[23],16,0.07546202194844924,-0.002394364490350627,5.493471,5.794208,词语时间关联可用,对齐通过,0.9616,无,不可获得,samples/03/keyframes/frame000169.png
04,情感极性,文本,1,not,不,"[103, 106]","[[103, 106]]",[25],19,10.574402712219662,-0.9070714373075769,6.026601,6.246842,已精确定位原文,对齐通过,0.9891,无,不适用,
04,情感极性,文本,2,Absolutely,绝对,"[92, 102]","[[92, 102]]",[24],18,5.730653800583161,-0.06508827550368293,5.445965,5.946513,已精确定位原文,对齐通过,0.9953,无,不适用,
04,情感极性,文本,3,goodbye,再见,"[82, 89]","[[82, 89]]",[21],17,4.789052091960913,0.051939066138235346,4.484912,4.965439,已精确定位原文,对齐通过,0.9275,无,不适用,
04,情感极性,语音,1,the,所指的,"[16, 19]","[[16, 19]]",[6],5,0.1834520147715035,0.01983412843211558,1.181294,1.24136,词语时间关联可用,对齐通过,0.9916,无,不可获得,samples/04/audio_clips/word005_1181294_1241360.wav
04,情感极性,语音,2,team,团队,"[20, 24]","[[20, 24]]",[7],6,0.17460109379624414,0.014232679534414316,1.281404,1.441579,词语时间关联可用,对齐通过,0.9801,无,不可获得,samples/04/audio_clips/word006_1281404_1441579.wav
04,情感极性,语音,3,not,不,"[103, 106]","[[103, 106]]",[25],19,0.1681619305750314,0.032308595020278,6.026601,6.246842,词语时间关联可用,对齐通过,0.9891,无,不可获得,samples/04/audio_clips/word019_6026601_6246842.wav
04,情感极性,视觉,1,of,……的,"[60, 62]","[[60, 62]]",[15],13,0.3797869862240393,0.08962309389362472,3.303618,3.343662,词语时间关联可用,对齐通过,0.9981,无,不可获得,samples/04/keyframes/frame000099.png
04,情感极性,视觉,2,cheering,欢呼,"[63, 71]","[[63, 71]]",[16],14,0.3487712177515474,0.05466730555637648,3.403728,3.684035,词语时间关联可用,对齐通过,0.9934,无,不可获得,samples/04/keyframes/frame000106.png
04,情感极性,视觉,3,chances,机会,"[52, 59]","[[52, 59]]",[14],12,0.333580416293786,0.08890481492347338,2.90318,3.243553,词语时间关联可用,对齐通过,0.9939,无,不可获得,samples/04/keyframes/frame000092.png
04,情感强度,文本,1,not,不,"[103, 106]","[[103, 106]]",[25],19,3.023284945682549,-0.2296621496185701,6.026601,6.246842,已精确定位原文,对齐通过,0.9891,无,不适用,
04,情感强度,文本,2,Absolutely,绝对,"[92, 102]","[[92, 102]]",[24],18,1.6499382930074005,-0.009867490226514272,5.445965,5.946513,已精确定位原文,对齐通过,0.9953,无,不适用,
04,情感强度,文本,3,goodbye,再见,"[82, 89]","[[82, 89]]",[21],17,1.4521443696717142,0.044517641357332924,4.484912,4.965439,已精确定位原文,对齐通过,0.9275,无,不适用,
04,情感强度,语音,1,the,所指的,"[16, 19]","[[16, 19]]",[6],5,0.06894626258968252,0.006867109372394003,1.181294,1.24136,词语时间关联可用,对齐通过,0.9916,无,不可获得,samples/04/audio_clips/word005_1181294_1241360.wav
04,情感强度,语音,2,team,团队,"[20, 24]","[[20, 24]]",[7],6,0.06876990661601452,0.004438567547732911,1.281404,1.441579,词语时间关联可用,对齐通过,0.9801,无,不可获得,samples/04/audio_clips/word006_1281404_1441579.wav
04,情感强度,语音,3,cheering,欢呼,"[63, 71]","[[63, 71]]",[16],14,0.0635516596111995,0.011345724694134468,3.403728,3.684035,词语时间关联可用,对齐通过,0.9934,无,不可获得,samples/04/audio_clips/word014_3403728_3684035.wav
04,情感强度,视觉,1,of,……的,"[60, 62]","[[60, 62]]",[15],13,0.17758724872016246,0.048942390026812256,3.303618,3.343662,词语时间关联可用,对齐通过,0.9981,无,不可获得,samples/04/keyframes/frame000099.png
04,情感强度,视觉,2,cheering,欢呼,"[63, 71]","[[63, 71]]",[16],14,0.16322752009554492,0.03505414696871662,3.403728,3.684035,词语时间关联可用,对齐通过,0.9934,无,不可获得,samples/04/keyframes/frame000106.png
04,情感强度,视觉,3,chances,机会,"[52, 59]","[[52, 59]]",[14],12,0.15754864044542571,0.04539469586662475,2.90318,3.243553,词语时间关联可用,对齐通过,0.9939,无,不可获得,samples/04/keyframes/frame000092.png
05,情感极性,文本,1,marketer,营销人员,"[28, 36]","[[28, 34], [34, 36]]","[9, 10]",6,5.208358595589257,0.26220190748816363,3.628447,4.02938,已精确定位原文,对齐通过,0.9761,无,不适用,
05,情感极性,文本,2,name,名字,"[7, 11]","[[7, 11]]",[4],2,3.3194418317078282,0.14553767378652305,2.124947,2.245227,已精确定位原文,对齐通过,0.9915,无,不适用,
05,情感极性,文本,3,is,是,"[12, 14]","[[12, 14]]",[5],3,2.6555256490192125,0.14814768152165822,2.325413,2.365507,已精确定位原文,对齐通过,0.615,无,不适用,
05,情感极性,语音,1,marketer,营销人员,"[28, 36]","[[28, 34], [34, 36]]","[9, 10]",6,0.2956208420238452,-0.0029686144923702176,3.628447,4.02938,词语时间关联可用,对齐通过,0.9761,无,不可获得,samples/05/audio_clips/word006_3628447_4029380.wav
05,情感极性,语音,2,Hi,你好,"[0, 2]","[[0, 2]]",[1],0,0.24576215627456022,-0.03448335667002518,1.26294,1.483453,词语时间关联可用,对齐通过,0.9359,无,不可获得,samples/05/audio_clips/word000_1262940_1483453.wav
05,情感极性,语音,3,Marketing,营销,"[51, 60]","[[51, 60]]",[14],10,0.21244295903270866,-0.02991754473124428,4.99162,5.47274,词语时间关联可用,对齐通过,0.9059,无,不可获得,samples/05/audio_clips/word010_4991620_5472740.wav
05,情感极性,视觉,1,Hi,你好,"[0, 2]","[[0, 2]]",[1],0,0.4958960681811502,0.1295533437602547,1.26294,1.483453,词语时间关联可用,对齐通过,0.9359,无,不可获得,samples/05/keyframes/frame000041.png
05,情感极性,视觉,2,marketer,营销人员,"[28, 36]","[[28, 34], [34, 36]]","[9, 10]",6,0.38935343544019674,-0.010817549477561063,3.628447,4.02938,词语时间关联可用,对齐通过,0.9761,无,不可获得,samples/05/keyframes/frame000114.png
05,情感极性,视觉,3,name,名字,"[7, 11]","[[7, 11]]",[4],2,0.3657702471222402,0.10199773247372139,2.124947,2.245227,词语时间关联可用,对齐通过,0.9915,无,不可获得,samples/05/keyframes/frame000065.png
05,情感强度,文本,1,marketer,营销人员,"[28, 36]","[[28, 34], [34, 36]]","[9, 10]",6,1.653934101432469,0.09155509934854461,3.628447,4.02938,已精确定位原文,对齐通过,0.9761,无,不适用,
05,情感强度,文本,2,name,名字,"[7, 11]","[[7, 11]]",[4],2,1.0641223680520873,0.050596584925055296,2.124947,2.245227,已精确定位原文,对齐通过,0.9915,无,不适用,
05,情感强度,文本,3,is,是,"[12, 14]","[[12, 14]]",[5],3,0.8491634618100565,0.05069226972463714,2.325413,2.365507,已精确定位原文,对齐通过,0.615,无,不适用,
05,情感强度,语音,1,marketer,营销人员,"[28, 36]","[[28, 34], [34, 36]]","[9, 10]",6,0.09477097801901808,0.0025281061178261247,3.628447,4.02938,词语时间关联可用,对齐通过,0.9761,无,不可获得,samples/05/audio_clips/word006_3628447_4029380.wav
05,情感强度,语音,2,Hi,你好,"[0, 2]","[[0, 2]]",[1],0,0.07357962600089073,-0.010463418170116909,1.26294,1.483453,词语时间关联可用,对齐通过,0.9359,无,不可获得,samples/05/audio_clips/word000_1262940_1483453.wav
05,情感强度,语音,3,Marketing,营销,"[51, 60]","[[51, 60]]",[14],10,0.06706764718870031,-0.00625769528825048,4.99162,5.47274,词语时间关联可用,对齐通过,0.9059,无,不可获得,samples/05/audio_clips/word010_4991620_5472740.wav
05,情感强度,视觉,1,marketer,营销人员,"[28, 36]","[[28, 34], [34, 36]]","[9, 10]",6,0.20438122013778687,0.012525963011446047,3.628447,4.02938,词语时间关联可用,对齐通过,0.9761,无,不可获得,samples/05/keyframes/frame000114.png
05,情感强度,视觉,2,Hi,你好,"[0, 2]","[[0, 2]]",[1],0,0.20382972362345192,0.06851586545751553,1.26294,1.483453,词语时间关联可用,对齐通过,0.9359,无,不可获得,samples/05/keyframes/frame000041.png
05,情感强度,视觉,3,name,名字,"[7, 11]","[[7, 11]]",[4],2,0.15384596215728205,0.05621909553742892,2.124947,2.245227,词语时间关联可用,对齐通过,0.9915,无,不可获得,samples/05/keyframes/frame000065.png
06,情感极性,文本,1,impressive,精彩的,"[79, 89]","[[79, 89]]",[21],16,2.6127363510563786,0.5517552401776288,3.968787,4.409764,已精确定位原文,对齐通过,0.9617,无,不适用,
06,情感极性,文本,2,then,那么,"[102, 106]","[[102, 106]]",[24],19,2.115208128537055,0.25418404535538336,5.592382,5.692604,已精确定位原文,对齐通过,0.5039,无,不适用,
06,情感极性,文本,3,dance,跳舞；舞蹈,"[90, 95]","[[90, 95]]",[22],17,1.8424004545422084,0.14072490973291174,4.469897,4.710429,已精确定位原文,对齐通过,0.9476,无,不适用,
06,情感极性,语音,1,you're,你是,"[3, 9]","[[3, 6], [6, 7], [7, 9]]","[2, 3, 4]",1,0.3105782707403409,-0.03420135173389138,0.621376,0.761686,词语时间关联可用,对齐通过,0.7186,无,不可获得,samples/06/audio_clips/word001_621376_761686.wav
06,情感极性,语音,2,sense,意义；方面,"[35, 40]","[[35, 40]]",[11],8,0.15107174668345977,-0.010090819322607374,1.844083,2.084615,词语时间关联可用,对齐通过,0.9449,无,不可获得,samples/06/audio_clips/word008_1844083_2084615.wav
06,情感极性,语音,3,moves,舞步,"[96, 101]","[[96, 101]]",[23],18,0.1475302660072639,0.00039855959971247634,4.85074,5.131361,词语时间关联可用,对齐通过,0.9668,无,不可获得,samples/06/audio_clips/word018_4850740_5131361.wav
06,情感极性,视觉,1,you're,你是,"[3, 9]","[[3, 6], [6, 7], [7, 9]]","[2, 3, 4]",1,0.37917216837018475,-0.06630425640863342,0.621376,0.761686,词语时间关联可用,对齐通过,0.7186,无,不可获得,samples/06/keyframes/frame000020.png
06,情感极性,视觉,2,that,那；这一点,"[157, 161]","[[157, 161]]",[35],30,0.1618090560631908,-0.017010911995304235,7.396376,7.656953,词语时间关联可用,对齐通过,0.8187,无,不可获得,samples/06/keyframes/frame000225.png
06,情感极性,视觉,3,If,如果,"[0, 2]","[[0, 2]]",[1],0,0.16027893607732333,-0.036448436028307996,0.541198,0.601331,词语时间关联可用,对齐通过,0.9819,无,不可获得,samples/06/keyframes/frame000017.png
06,情感强度,文本,1,impressive,精彩的,"[79, 89]","[[79, 89]]",[21],16,0.9507155191561006,0.19071497189443165,3.968787,4.409764,已精确定位原文,对齐通过,0.9617,无,不适用,
06,情感强度,文本,2,then,那么,"[102, 106]","[[102, 106]]",[24],19,0.7262522529122984,0.07723618426848781,5.592382,5.692604,已精确定位原文,对齐通过,0.5039,无,不适用,
06,情感强度,文本,3,dance,跳舞；舞蹈,"[90, 95]","[[90, 95]]",[22],17,0.6693571745431253,0.050114459473915914,4.469897,4.710429,已精确定位原文,对齐通过,0.9476,无,不适用,
06,情感强度,语音,1,you're,你是,"[3, 9]","[[3, 6], [6, 7], [7, 9]]","[2, 3, 4]",1,0.12203266480060052,-0.007869585697332173,0.621376,0.761686,词语时间关联可用,对齐通过,0.7186,无,不可获得,samples/06/audio_clips/word001_621376_761686.wav
06,情感强度,语音,2,sense,意义；方面,"[35, 40]","[[35, 40]]",[11],8,0.058150286180488384,-0.0036152510518238246,1.844083,2.084615,词语时间关联可用,对齐通过,0.9449,无,不可获得,samples/06/audio_clips/word008_1844083_2084615.wav
06,情感强度,语音,3,impressive,精彩的,"[79, 89]","[[79, 89]]",[21],16,0.05248513258414664,1.8486483159563382e-05,3.968787,4.409764,词语时间关联可用,对齐通过,0.9617,无,不可获得,samples/06/audio_clips/word016_3968787_4409764.wav
06,情感强度,视觉,1,you're,你是,"[3, 9]","[[3, 6], [6, 7], [7, 9]]","[2, 3, 4]",1,0.1636231855486929,-0.0076255428830369985,0.621376,0.761686,词语时间关联可用,对齐通过,0.7186,无,不可获得,samples/06/keyframes/frame000020.png
06,情感强度,视觉,2,that,那；这一点,"[157, 161]","[[157, 161]]",[35],30,0.06735100015087819,0.0009188861529532979,7.396376,7.656953,词语时间关联可用,对齐通过,0.8187,无,不可获得,samples/06/keyframes/frame000225.png
06,情感强度,视觉,3,If,如果,"[0, 2]","[[0, 2]]",[1],0,0.06528958230176354,-0.005951436678417526,0.541198,0.601331,词语时间关联可用,对齐通过,0.9819,无,不可获得,samples/06/keyframes/frame000017.png
07,情感极性,文本,1,enthusiastically,热情地,"[87, 103]","[[87, 103]]",[21],13,3.198772907011813,0.7212650916013018,6.00157,7.021837,已精确定位原文,对齐通过,0.9827,无,不适用,
07,情感极性,文本,2,discussed,讨论了,"[104, 113]","[[104, 113]]",[22],14,1.5921564842354217,0.23432638531063577,7.101858,7.561978,已精确定位原文,对齐通过,0.7871,无,不适用,
07,情感极性,文本,3,attendees,与会者,"[76, 85]","[[76, 85]]",[19],12,1.1009298322030765,0.11772364352233562,5.001308,5.561455,已精确定位原文,对齐通过,0.7727,无,不适用,
07,情感极性,语音,1,Linn’s,Linn’s,"[3, 9]","[[3, 6], [6, 7], [7, 8], [8, 9]]","[2, 3, 4, 5]",1,0.2806721864814475,-0.018691288172382026,0.760199,0.960251,词语时间关联可用,对齐通过,0.614,无,不可获得,samples/07/audio_clips/word001_760199_960251.wav
07,情感极性,语音,2,philatelic,集邮的,"[190, 200]","[[190, 194], [194, 197], [197, 200]]","[39, 40, 41]",29,0.1830417127708388,-0.017656717187768553,12.383239,12.823354,词语时间关联可用,对齐通过,0.7908,无,不可获得,samples/07/audio_clips/word029_12383239_12823354.wav
07,情感极性,语音,3,Baadke,巴德克,"[35, 41]","[[35, 37], [37, 39], [39, 41]]","[9, 10, 11]",5,0.1670542992668131,-0.011988956632479859,2.000523,2.340612,对齐结果待复核,待复核,0.4764,对齐分数偏低,不可获得,
07,情感极性,视觉,1,Linn’s,Linn’s,"[3, 9]","[[3, 6], [6, 7], [7, 8], [8, 9]]","[2, 3, 4, 5]",1,0.2734680339880193,-0.03674119770769381,0.760199,0.960251,词语时间关联可用,对齐通过,0.614,无,不可获得,samples/07/keyframes/frame000025.png
07,情感极性,视觉,2,philatelic,集邮的,"[190, 200]","[[190, 194], [194, 197], [197, 200]]","[39, 40, 41]",29,0.19335706282609422,0.049734757527550376,12.383239,12.823354,词语时间关联可用,对齐通过,0.7908,无,不可获得,samples/07/keyframes/frame000378.png
07,情感极性,视觉,3,Baadke,巴德克,"[35, 41]","[[35, 37], [37, 39], [39, 41]]","[9, 10, 11]",5,0.14983977158440195,-0.013126442113799538,2.000523,2.340612,对齐结果待复核,待复核,0.4764,对齐分数偏低,不可获得,
07,情感强度,文本,1,enthusiastically,热情地,"[87, 103]","[[87, 103]]",[21],13,1.3131273916080741,0.28604434034479387,6.00157,7.021837,已精确定位原文,对齐通过,0.9827,无,不适用,
07,情感强度,文本,2,discussed,讨论了,"[104, 113]","[[104, 113]]",[22],14,0.6483614205025825,0.09401311889233105,7.101858,7.561978,已精确定位原文,对齐通过,0.7871,无,不适用,
07,情感强度,文本,3,attendees,与会者,"[76, 85]","[[76, 85]]",[19],12,0.44188885645939596,0.04806233667799261,5.001308,5.561455,已精确定位原文,对齐通过,0.7727,无,不适用,
07,情感强度,语音,1,Linn’s,Linn’s,"[3, 9]","[[3, 6], [6, 7], [7, 8], [8, 9]]","[2, 3, 4, 5]",1,0.10911709116403323,0.003150471017324668,0.760199,0.960251,词语时间关联可用,对齐通过,0.614,无,不可获得,samples/07/audio_clips/word001_760199_960251.wav
07,情感强度,语音,2,philatelic,集邮的,"[190, 200]","[[190, 194], [194, 197], [197, 200]]","[39, 40, 41]",29,0.07301399677180337,-0.0020855974246860214,12.383239,12.823354,词语时间关联可用,对齐通过,0.7908,无,不可获得,samples/07/audio_clips/word029_12383239_12823354.wav
07,情感强度,语音,3,Baadke,巴德克,"[35, 41]","[[35, 37], [37, 39], [39, 41]]","[9, 10, 11]",5,0.05947505432944729,-0.002572429481097321,2.000523,2.340612,对齐结果待复核,待复核,0.4764,对齐分数偏低,不可获得,
07,情感强度,视觉,1,philatelic,集邮的,"[190, 200]","[[190, 194], [194, 197], [197, 200]]","[39, 40, 41]",29,0.10760848784836102,0.02866495999748015,12.383239,12.823354,词语时间关联可用,对齐通过,0.7908,无,不可获得,samples/07/keyframes/frame000378.png
07,情感强度,视觉,2,Linn’s,Linn’s,"[3, 9]","[[3, 6], [6, 7], [7, 8], [8, 9]]","[2, 3, 4, 5]",1,0.099910008165038,-0.020466653331810806,0.760199,0.960251,词语时间关联可用,对齐通过,0.614,无,不可获得,samples/07/keyframes/frame000025.png
07,情感强度,视觉,3,Baadke,巴德克,"[35, 41]","[[35, 37], [37, 39], [39, 41]]","[9, 10, 11]",5,0.05531177565110636,-0.009611409292610775,2.000523,2.340612,对齐结果待复核,待复核,0.4764,对齐分数偏低,不可获得,
08,情感极性,文本,1,tonight,今晚,"[18, 25]","[[18, 25]]",[5],4,3.4561770503768288,0.3116433034144543,1.462514,1.803099,已精确定位原文,对齐通过,0.9909,无,不适用,
08,情感极性,文本,2,Design,设计,"[41, 47]","[[41, 47]]",[9],7,2.8729199567884205,0.19796224499627663,2.604477,3.045235,已精确定位原文,对齐通过,0.9991,无,不适用,
08,情感极性,文本,3,to,到；引向,"[15, 17]","[[15, 17]]",[4],3,2.8342598598046838,0.19453442240708185,1.26217,1.342307,已精确定位原文,对齐通过,0.9977,无,不适用,
08,情感极性,语音,1,That,那；这一点,"[0, 4]","[[0, 4]]",[1],0,0.40748331761168954,0.020702570364345405,0.641102,0.781343,词语时间关联可用,对齐通过,0.9117,无,不可获得,samples/08/audio_clips/word000_641102_781343.wav
08,情感极性,语音,2,us,我们,"[12, 14]","[[12, 14]]",[3],2,0.32185068220638274,-0.06905666607418931,1.141963,1.202066,词语时间关联可用,对齐通过,0.9923,无,不可获得,samples/08/audio_clips/word002_1141963_1202066.wav
08,情感极性,语音,3,brings,引出,"[5, 11]","[[5, 11]]",[2],1,0.3116534152514216,-0.02501005469175687,0.861481,1.061825,词语时间关联可用,对齐通过,0.9704,无,不可获得,samples/08/audio_clips/word001_861481_1061825.wav
08,情感极性,视觉,1,That,那；这一点,"[0, 4]","[[0, 4]]",[1],0,0.3290873326062004,-0.03580670877558264,0.641102,0.781343,词语时间关联可用,对齐通过,0.9117,无,不可获得,samples/08/keyframes/frame000021.png
08,情感极性,视觉,2,Challenge,挑战赛,"[54, 63]","[[54, 63]]",[11],9,0.31327642131791844,-0.02236156471447416,3.786509,4.267335,词语时间关联可用,对齐通过,0.9708,无,不可获得,samples/08/keyframes/frame000120.png
08,情感极性,视觉,3,to,到；引向,"[15, 17]","[[15, 17]]",[4],3,0.307678903434463,-0.03152964361988003,1.26217,1.342307,词语时间关联可用,对齐通过,0.9977,无,不可获得,samples/08/keyframes/frame000039.png
08,情感强度,文本,1,tonight,今晚,"[18, 25]","[[18, 25]]",[5],4,1.0005200880445297,0.08923887303584152,1.462514,1.803099,已精确定位原文,对齐通过,0.9909,无,不适用,
08,情感强度,文本,2,to,到；引向,"[15, 17]","[[15, 17]]",[4],3,0.835928288600323,0.06985735507543378,1.26217,1.342307,已精确定位原文,对齐通过,0.9977,无,不适用,
08,情感强度,文本,3,Design,设计,"[41, 47]","[[41, 47]]",[9],7,0.7931243470195184,0.054094728209982026,2.604477,3.045235,已精确定位原文,对齐通过,0.9991,无,不适用,
08,情感强度,语音,1,That,那；这一点,"[0, 4]","[[0, 4]]",[1],0,0.11991052611335302,0.005068972738032043,0.641102,0.781343,词语时间关联可用,对齐通过,0.9117,无,不可获得,samples/08/audio_clips/word000_641102_781343.wav
08,情感强度,语音,2,brings,引出,"[5, 11]","[[5, 11]]",[2],1,0.09639797998326104,-0.00402145014504487,0.861481,1.061825,词语时间关联可用,对齐通过,0.9704,无,不可获得,samples/08/audio_clips/word001_861481_1061825.wav
08,情感强度,语音,3,us,我们,"[12, 14]","[[12, 14]]",[3],2,0.0921973214646792,-0.01837215278326575,1.141963,1.202066,词语时间关联可用,对齐通过,0.9923,无,不可获得,samples/08/audio_clips/word002_1141963_1202066.wav
08,情感强度,视觉,1,That,那；这一点,"[0, 4]","[[0, 4]]",[1],0,0.10954706555358272,-0.015075095073940614,0.641102,0.781343,词语时间关联可用,对齐通过,0.9117,无,不可获得,samples/08/keyframes/frame000021.png
08,情感强度,视觉,2,Challenge,挑战赛,"[54, 63]","[[54, 63]]",[11],9,0.10753969534804743,-0.013299161543786808,3.786509,4.267335,词语时间关联可用,对齐通过,0.9708,无,不可获得,samples/08/keyframes/frame000120.png
08,情感强度,视觉,3,to,到；引向,"[15, 17]","[[15, 17]]",[4],3,0.10082548824803633,-0.013293378006305073,1.26217,1.342307,词语时间关联可用,对齐通过,0.9977,无,不可获得,samples/08/keyframes/frame000039.png
09,情感极性,文本,1,not,不,"[48, 51]","[[48, 51]]",[16],11,7.684283525528917,0.6808253456712721,3.054962,3.155454,已精确定位原文,对齐通过,0.9903,无,不适用,
09,情感极性,文本,2,not,不,"[12, 15]","[[12, 15]]",[7],3,6.133172785028828,1.8551611877591598,1.366693,1.467185,已精确定位原文,对齐通过,0.9423,无,不适用,
09,情感极性,文本,3,would,会,"[42, 47]","[[42, 47]]",[15],10,5.032330164710473,0.17551696103602574,2.894174,3.034863,已精确定位原文,对齐通过,0.9707,无,不适用,
09,情感极性,语音,1,uhh,呃,"[1, 4]","[[1, 3], [3, 4]]","[2, 3]",0,0.15250938403322833,-0.009287534023461051,0.482362,0.844134,对齐结果待复核,待复核,0.2896,对齐分数偏低,不可获得,
09,情感极性,语音,2,this,这部,"[21, 25]","[[21, 25]]",[9],5,0.10387513034856011,-0.0024079379104819986,1.648071,1.748564,词语时间关联可用,对齐通过,0.8077,无,不可获得,samples/09/audio_clips/word005_1648071_1748564.wav
09,情感极性,语音,3,like,喜欢,"[16, 20]","[[16, 20]]",[8],4,0.09331539872236652,0.0004555954362826585,1.487284,1.607874,词语时间关联可用,对齐通过,0.9451,无,不可获得,samples/09/audio_clips/word004_1487284_1607874.wav
09,情感极性,视觉,1,uhh,呃,"[1, 4]","[[1, 3], [3, 4]]","[2, 3]",0,0.28924022342088873,-0.030833260705797273,0.482362,0.844134,对齐结果待复核,待复核,0.2896,对齐分数偏低,不可获得,
09,情感极性,视觉,2,it,它,"[62, 64]","[[62, 64]]",[18],13,0.19064587533929425,0.0121012296918215,4.140277,4.36136,对齐结果待复核,待复核,0.468,对齐分数偏低,不可获得,
09,情感极性,视觉,3,recommend,推荐,"[52, 61]","[[52, 61]]",[17],12,0.1715185092298912,0.015869173899529805,3.215749,3.637816,词语时间关联可用,对齐通过,0.9987,无,不可获得,samples/09/keyframes/frame000102.png
09,情感强度,文本,1,not,不,"[48, 51]","[[48, 51]]",[16],11,2.848510347560282,-0.3925934352828178,3.054962,3.155454,已精确定位原文,对齐通过,0.9903,无,不适用,
09,情感强度,文本,2,not,不,"[12, 15]","[[12, 15]]",[7],3,2.05306161497941,-0.6312534831633624,1.366693,1.467185,已精确定位原文,对齐通过,0.9423,无,不适用,
09,情感强度,文本,3,would,会,"[42, 47]","[[42, 47]]",[15],10,1.8045777970566035,-0.09733089770174519,2.894174,3.034863,已精确定位原文,对齐通过,0.9707,无,不适用,
09,情感强度,语音,1,uhh,呃,"[1, 4]","[[1, 3], [3, 4]]","[2, 3]",0,0.07036776903697889,-0.0009912556495610054,0.482362,0.844134,对齐结果待复核,待复核,0.2896,对齐分数偏低,不可获得,
09,情感强度,语音,2,like,喜欢,"[16, 20]","[[16, 20]]",[8],4,0.04843207605804275,-0.0023651929101172198,1.487284,1.607874,词语时间关联可用,对齐通过,0.9451,无,不可获得,samples/09/audio_clips/word004_1487284_1607874.wav
09,情感强度,语音,3,not,不,"[12, 15]","[[12, 15]]",[7],3,0.04643377239057533,-0.0036102193461042824,1.366693,1.467185,词语时间关联可用,对齐通过,0.9423,无,不可获得,samples/09/audio_clips/word003_1366693_1467185.wav
09,情感强度,视觉,1,uhh,呃,"[1, 4]","[[1, 3], [3, 4]]","[2, 3]",0,0.08541186180174322,0.003947272219572051,0.482362,0.844134,对齐结果待复核,待复核,0.2896,对齐分数偏低,不可获得,
09,情感强度,视觉,2,would,会,"[42, 47]","[[42, 47]]",[15],10,0.05605085811083233,-0.01728925099841788,2.894174,3.034863,词语时间关联可用,对齐通过,0.9707,无,不可获得,samples/09/keyframes/frame000088.png
09,情感强度,视觉,3,not,不,"[48, 51]","[[48, 51]]",[16],11,0.053102798700792056,-0.013547319977512537,3.054962,3.155454,词语时间关联可用,对齐通过,0.9903,无,不可获得,samples/09/keyframes/frame000093.png
10,情感极性,文本,1,terrible,糟糕的,"[121, 129]","[[121, 129]]",[30],24,18.056489193940816,5.055082270251225,8.69384,9.21467,已精确定位原文,对齐通过,0.8924,无,不适用,
10,情感极性,文本,2,pretty,相当,"[114, 120]","[[114, 120]]",[29],23,12.909266664292053,-0.948585761018214,8.393362,8.613713,已精确定位原文,对齐通过,0.9993,无,不适用,
10,情感极性,文本,3,was,是,"[110, 113]","[[110, 113]]",[28],22,4.68990403092771,0.9882673567714189,7.511959,7.692246,已精确定位原文,对齐通过,0.9984,无,不适用,
10,情感极性,语音,1,I'm,我是,"[76, 79]","[[76, 77], [77, 78], [78, 79]]","[19, 20, 21]",15,0.2874510146184838,0.01222798719968603,5.208291,5.288419,对齐结果待复核,待复核,0.3256,对齐分数偏低,不可获得,
10,情感极性,语音,2,flicks,电影,"[56, 62]","[[56, 61], [61, 62]]","[15, 16]",12,0.2519074002968946,0.0032240907380642865,3.906219,4.186665,词语时间关联可用,对齐通过,0.7344,无,不可获得,samples/10/audio_clips/word012_3906219_4186665.wav
10,情感极性,语音,3,to,用于连接后续动词,"[36, 38]","[[36, 38]]",[11],8,0.13652351372907373,-0.0029287611552380457,2.744369,2.804465,词语时间关联可用,对齐通过,0.9993,无,不可获得,samples/10/audio_clips/word008_2744369_2804465.wav
10,情感极性,视觉,1,I'm,我是,"[76, 79]","[[76, 77], [77, 78], [78, 79]]","[19, 20, 21]",15,0.232969589082828,-0.005188847165514679,5.208291,5.288419,对齐结果待复核,待复核,0.3256,对齐分数偏低,不可获得,
10,情感极性,视觉,2,flicks,电影,"[56, 62]","[[56, 61], [61, 62]]","[15, 16]",12,0.19827009516977034,-0.0177111413766691,3.906219,4.186665,词语时间关联可用,对齐通过,0.7344,无,不可获得,samples/10/keyframes/frame000121.png
10,情感极性,视觉,3,but,但是,"[97, 100]","[[97, 100]]",[25],19,0.15928853535886264,-0.014623233072201055,6.750747,6.870938,词语时间关联可用,对齐通过,0.999,无,不可获得,samples/10/keyframes/frame000204.png
10,情感强度,文本,1,terrible,糟糕的,"[121, 129]","[[121, 129]]",[30],24,6.423951750214211,-1.706007037138586,8.69384,9.21467,已精确定位原文,对齐通过,0.8924,无,不适用,
10,情感强度,文本,2,pretty,相当,"[114, 120]","[[114, 120]]",[29],23,5.018503918736662,0.20289484323900486,8.393362,8.613713,已精确定位原文,对齐通过,0.9993,无,不适用,
10,情感强度,文本,3,was,是,"[110, 113]","[[110, 113]]",[28],22,1.695614320579907,-0.33265608674855407,7.511959,7.692246,已精确定位原文,对齐通过,0.9984,无,不适用,
10,情感强度,语音,1,I'm,我是,"[76, 79]","[[76, 77], [77, 78], [78, 79]]","[19, 20, 21]",15,0.149572166090565,-0.0037928732157988406,5.208291,5.288419,对齐结果待复核,待复核,0.3256,对齐分数偏低,不可获得,
10,情感强度,语音,2,flicks,电影,"[56, 62]","[[56, 61], [61, 62]]","[15, 16]",12,0.12402108326282565,-0.0025534985723240367,3.906219,4.186665,词语时间关联可用,对齐通过,0.7344,无,不可获得,samples/10/audio_clips/word012_3906219_4186665.wav
10,情感强度,语音,3,to,用于连接后续动词,"[36, 38]","[[36, 38]]",[11],8,0.06936973788703484,0.0024741725531675146,2.744369,2.804465,词语时间关联可用,对齐通过,0.9993,无,不可获得,samples/10/audio_clips/word008_2744369_2804465.wav
10,情感强度,视觉,1,I'm,我是,"[76, 79]","[[76, 77], [77, 78], [78, 79]]","[19, 20, 21]",15,0.09859374182142175,-0.00656238949663716,5.208291,5.288419,对齐结果待复核,待复核,0.3256,对齐分数偏低,不可获得,
10,情感强度,视觉,2,flicks,电影,"[56, 62]","[[56, 61], [61, 62]]","[15, 16]",12,0.08303579592616878,0.0011710185491836628,3.906219,4.186665,词语时间关联可用,对齐通过,0.7344,无,不可获得,samples/10/keyframes/frame000121.png
10,情感强度,视觉,3,but,但是,"[97, 100]","[[97, 100]]",[25],19,0.05960981372607148,0.0045938597637124575,6.750747,6.870938,词语时间关联可用,对齐通过,0.999,无,不可获得,samples/10/keyframes/frame000204.png
11,情感极性,文本,1,ashamed,羞愧的,"[11, 18]","[[11, 18]]",[4],3,13.035899846348542,2.6132624252227736,0.923045,1.344436,已精确定位原文,对齐通过,0.9569,无,不适用,
11,情感极性,文本,2,would,会,"[2, 7]","[[2, 7]]",[2],1,5.053759174977713,0.9315565707114124,0.622052,0.742449,已精确定位原文,待复核,0.1694,对齐分数偏低,不适用,
11,情感极性,文本,3,be,感到；是,"[8, 10]","[[8, 10]]",[3],2,4.187055608201976,0.8299803325448089,0.782582,0.862847,已精确定位原文,对齐通过,0.9991,无,不适用,
11,情感极性,语音,1,ashamed,羞愧的,"[11, 18]","[[11, 18]]",[4],3,0.2000843863635483,-0.008134200749340575,0.923045,1.344436,词语时间关联可用,对齐通过,0.9569,无,不可获得,samples/11/audio_clips/word003_923045_1344436.wav
11,情感极性,语音,2,I,我,"[0, 1]","[[0, 1]]",[1],0,0.1714588278909544,-0.009287187495577755,0.561854,0.58192,对齐结果待复核,待复核,0.4409,对齐分数偏低,不可获得,
11,情感极性,语音,3,to,用于连接后续动词,"[19, 21]","[[19, 21]]",[5],4,0.16920599542741185,-0.013840155676028768,3.230659,3.290857,词语时间关联可用,对齐通过,0.98,无,不可获得,samples/11/audio_clips/word004_3230659_3290857.wav
11,情感极性,视觉,1,be,感到；是,"[8, 10]","[[8, 10]]",[3],2,0.2150003962358856,-0.03682150223083432,0.782582,0.862847,词语时间关联可用,对齐通过,0.9991,无,不可获得,samples/11/keyframes/frame000024.png
11,情感极性,视觉,2,would,会,"[2, 7]","[[2, 7]]",[2],1,0.2075582675477788,-0.03732858843831174,0.622052,0.742449,对齐结果待复核,待复核,0.1694,对齐分数偏低,不可获得,
11,情感极性,视觉,3,I,我,"[0, 1]","[[0, 1]]",[1],0,0.1947660294727202,-0.03428751306351371,0.561854,0.58192,对齐结果待复核,待复核,0.4409,对齐分数偏低,不可获得,
11,情感强度,文本,1,ashamed,羞愧的,"[11, 18]","[[11, 18]]",[4],3,6.906136147356716,-1.2788539012813196,0.923045,1.344436,已精确定位原文,对齐通过,0.9569,无,不适用,
11,情感强度,文本,2,would,会,"[2, 7]","[[2, 7]]",[2],1,2.295269174226585,-0.24894486357776333,0.622052,0.742449,已精确定位原文,待复核,0.1694,对齐分数偏低,不适用,
11,情感强度,文本,3,be,感到；是,"[8, 10]","[[8, 10]]",[3],2,1.7789749499325935,-0.26879495322560787,0.782582,0.862847,已精确定位原文,对齐通过,0.9991,无,不适用,
11,情感强度,语音,1,ashamed,羞愧的,"[11, 18]","[[11, 18]]",[4],3,0.06182296010820949,-0.01271395023394619,0.923045,1.344436,词语时间关联可用,对齐通过,0.9569,无,不可获得,samples/11/audio_clips/word003_923045_1344436.wav
11,情感强度,语音,2,to,用于连接后续动词,"[19, 21]","[[19, 21]]",[5],4,0.060768320438583184,-0.003749659300985089,3.230659,3.290857,词语时间关联可用,对齐通过,0.98,无,不可获得,samples/11/audio_clips/word004_3230659_3290857.wav
11,情感强度,语音,3,I,我,"[0, 1]","[[0, 1]]",[1],0,0.060405596355512944,-0.011773454882951562,0.561854,0.58192,对齐结果待复核,待复核,0.4409,对齐分数偏低,不可获得,
11,情感强度,视觉,1,would,会,"[2, 7]","[[2, 7]]",[2],1,0.06234257369871769,-0.01592365753618801,0.622052,0.742449,对齐结果待复核,待复核,0.1694,对齐分数偏低,不可获得,
11,情感强度,视觉,2,be,感到；是,"[8, 10]","[[8, 10]]",[3],2,0.06234106096599833,-0.011615398218203909,0.782582,0.862847,词语时间关联可用,对齐通过,0.9991,无,不可获得,samples/11/keyframes/frame000024.png
11,情感强度,视觉,3,I,我,"[0, 1]","[[0, 1]]",[1],0,0.05409679779916449,-0.014101722587018395,0.561854,0.58192,对齐结果待复核,待复核,0.4409,对齐分数偏低,不可获得,
12,情感极性,文本,1,low,低的,"[182, 185]","[[182, 185]]",[41],34,9.437255319110717,2.456546639928834,12.033611,12.273883,已精确定位原文,对齐通过,0.9908,无,不适用,
12,情感极性,文本,2,sag,下降,"[151, 154]","[[151, 153], [153, 154]]","[33, 34]",28,2.8211308257542997,0.410938270332879,9.951256,10.311664,已精确定位原文,对齐通过,0.7355,无,不适用,
12,情感极性,文本,3,very,很,"[177, 181]","[[177, 181]]",[40],33,1.7555251635230251,0.15534125564079512,11.753294,11.953521,已精确定位原文,对齐通过,0.9587,无,不适用,
12,情感极性,语音,1,sag,下降,"[151, 154]","[[151, 153], [153, 154]]","[33, 34]",28,0.3146671686691497,0.01638192893133291,9.951256,10.311664,词语时间关联可用,对齐通过,0.7355,无,不可获得,samples/12/audio_clips/word028_9951256_10311664.wav
12,情感极性,语音,2,credit,信用,"[144, 150]","[[144, 150]]",[32],27,0.17115778376342797,0.0005826686921278179,9.490735,9.771052,词语时间关联可用,对齐通过,0.9942,无,不可获得,samples/12/audio_clips/word027_9490735_9771052.wav
12,情感极性,语音,3,their,他们的,"[138, 143]","[[138, 143]]",[31],26,0.12947247529889166,0.0008990888570553973,9.270486,9.410644,词语时间关联可用,对齐通过,0.9891,无,不可获得,samples/12/audio_clips/word026_9270486_9410644.wav
12,情感极性,视觉,1,sag,下降,"[151, 154]","[[151, 153], [153, 154]]","[33, 34]",28,0.1484810469427823,0.007927194368670868,9.951256,10.311664,词语时间关联可用,对齐通过,0.7355,无,不可获得,samples/12/keyframes/frame000303.png
12,情感极性,视觉,2,Or,或者,"[0, 2]","[[0, 2]]",[1],0,0.08353282057999906,0.008999748490108117,0.580657,0.640725,词语时间关联可用,对齐通过,0.9345,无,不可获得,samples/12/keyframes/frame000018.png
12,情感极性,视觉,3,usually,通常,"[56, 63]","[[56, 63]]",[12],9,0.0761612452226493,-0.007629278787606701,4.645254,4.885526,词语时间关联可用,对齐通过,0.9897,无,不可获得,samples/12/keyframes/frame000142.png
12,情感强度,文本,1,low,低的,"[182, 185]","[[182, 185]]",[41],34,3.6293234889885237,-0.844999562888467,12.033611,12.273883,已精确定位原文,对齐通过,0.9908,无,不适用,
12,情感强度,文本,2,sag,下降,"[151, 154]","[[151, 153], [153, 154]]","[33, 34]",28,0.8504044323006669,-0.09554227303524856,9.951256,10.311664,已精确定位原文,对齐通过,0.7355,无,不适用,
12,情感强度,文本,3,very,很,"[177, 181]","[[177, 181]]",[40],33,0.6394027744385435,-0.043093107260291016,11.753294,11.953521,已精确定位原文,对齐通过,0.9587,无,不适用,
12,情感强度,语音,1,sag,下降,"[151, 154]","[[151, 153], [153, 154]]","[33, 34]",28,0.16216552349220326,-0.006519462907670043,9.951256,10.311664,词语时间关联可用,对齐通过,0.7355,无,不可获得,samples/12/audio_clips/word028_9951256_10311664.wav
12,情感强度,语音,2,credit,信用,"[144, 150]","[[144, 150]]",[32],27,0.08927788888187133,7.59096020721097e-05,9.490735,9.771052,词语时间关联可用,对齐通过,0.9942,无,不可获得,samples/12/audio_clips/word027_9490735_9771052.wav
12,情感强度,语音,3,their,他们的,"[138, 143]","[[138, 143]]",[31],26,0.06952707319807228,-0.0011563683069271476,9.270486,9.410644,词语时间关联可用,对齐通过,0.9891,无,不可获得,samples/12/audio_clips/word026_9270486_9410644.wav
12,情感强度,视觉,1,sag,下降,"[151, 154]","[[151, 153], [153, 154]]","[33, 34]",28,0.043955949207500414,-0.008041273481593697,9.951256,10.311664,词语时间关联可用,对齐通过,0.7355,无,不可获得,samples/12/keyframes/frame000303.png
12,情感强度,视觉,2,Or,或者,"[0, 2]","[[0, 2]]",[1],0,0.0260004961666053,-0.005040766809975146,0.580657,0.640725,词语时间关联可用,对齐通过,0.9345,无,不可获得,samples/12/keyframes/frame000018.png
12,情感强度,视觉,3,low,低的,"[182, 185]","[[182, 185]]",[41],34,0.02582740797030656,-0.003959140421970615,12.033611,12.273883,词语时间关联可用,对齐通过,0.9908,无,不可获得,samples/12/keyframes/frame000364.png
13,情感极性,文本,1,factors,因素,"[115, 122]","[[115, 122]]",[27],24,1.243912974406823,-0.019810440174500864,7.300386,8.022402,已精确定位原文,待复核,0.1337,对齐分数偏低,不适用,
13,情感极性,文本,2,or,或者,"[123, 125]","[[123, 125]]",[28],25,1.0922393339736742,-0.04870294471108094,8.303186,8.363354,已精确定位原文,对齐通过,0.6744,无,不适用,
13,情感极性,文本,3,any,任意的,"[94, 97]","[[94, 97]]",[22],19,1.0887975074724703,-0.04894186665903652,6.337697,6.458033,已精确定位原文,对齐通过,0.9852,无,不适用,
13,情感极性,语音,1,of,……中的,"[32, 34]","[[32, 34]]",[9],7,0.21300929018115408,0.009295929523284705,1.624536,1.664648,词语时间关联可用,对齐通过,0.5302,无,不可获得,samples/13/audio_clips/word007_1624536_1664648.wav
13,情感极性,语音,2,could,可以,"[15, 20]","[[15, 20]]",[5],3,0.2111058110598352,-0.0025697411406981722,0.962688,1.083024,词语时间关联可用,对齐通过,0.5343,无,不可获得,samples/13/audio_clips/word003_962688_1083024.wav
13,情感极性,语音,3,any,任意的,"[94, 97]","[[94, 97]]",[22],19,0.20066168647425195,0.0265275871943653,6.337697,6.458033,词语时间关联可用,对齐通过,0.9852,无,不可获得,samples/13/audio_clips/word019_6337697_6458033.wav
13,情感极性,视觉,1,For,与后面的“例子”连用，表示例如,"[0, 3]","[[0, 3]]",[1],0,0.11876112639600374,0.020424435173906724,0.0,0.10028,原始输入全零，不能作为观察证据,对齐通过,0.919,无,不可获得,
13,情感极性,视觉,2,example,例子,"[4, 11]","[[4, 11]]",[2],1,0.11502532989734364,0.018438401428048888,0.180504,0.541512,原始输入全零，不能作为观察证据,对齐通过,0.9932,无,不可获得,
13,情感极性,视觉,3,more,更多,"[126, 130]","[[126, 130]]",[29],26,0.09974241478264284,0.014178408476236928,8.463634,8.624082,原始输入全零，不能作为观察证据,对齐通过,0.5253,无,不可获得,
13,情感强度,文本,1,factors,因素,"[115, 122]","[[115, 122]]",[27],24,0.23677962626145285,0.0030376720224458576,7.300386,8.022402,已精确定位原文,待复核,0.1337,对齐分数偏低,不适用,
13,情感强度,文本,2,or,或者,"[123, 125]","[[123, 125]]",[28],25,0.20901973927923218,0.009860631777714039,8.303186,8.363354,已精确定位原文,对齐通过,0.6744,无,不适用,
13,情感强度,文本,3,any,任意的,"[94, 97]","[[94, 97]]",[22],19,0.2040279199650252,0.01030118648490651,6.337697,6.458033,已精确定位原文,对齐通过,0.9852,无,不适用,
13,情感强度,语音,1,of,……中的,"[32, 34]","[[32, 34]]",[9],7,0.04323181539230612,-0.0016487477928958786,1.624536,1.664648,词语时间关联可用,对齐通过,0.5302,无,不可获得,samples/13/audio_clips/word007_1624536_1664648.wav
13,情感强度,语音,2,could,可以,"[15, 20]","[[15, 20]]",[5],3,0.04196252220235071,0.0005346164050087764,0.962688,1.083024,词语时间关联可用,对齐通过,0.5343,无,不可获得,samples/13/audio_clips/word003_962688_1083024.wav
13,情感强度,语音,3,any,任意的,"[94, 97]","[[94, 97]]",[22],19,0.03996318185632826,-0.004472123589315916,6.337697,6.458033,词语时间关联可用,对齐通过,0.9852,无,不可获得,samples/13/audio_clips/word019_6337697_6458033.wav
13,情感强度,视觉,1,For,与后面的“例子”连用，表示例如,"[0, 3]","[[0, 3]]",[1],0,0.03078792957401841,-0.0037578656300023957,0.0,0.10028,原始输入全零，不能作为观察证据,对齐通过,0.919,无,不可获得,
13,情感强度,视觉,2,example,例子,"[4, 11]","[[4, 11]]",[2],1,0.0283606517708656,-0.002955723661205924,0.180504,0.541512,原始输入全零，不能作为观察证据,对齐通过,0.9932,无,不可获得,
13,情感强度,视觉,3,more,更多,"[126, 130]","[[126, 130]]",[29],26,0.0255105273197692,-0.0024160775890078733,8.463634,8.624082,原始输入全零，不能作为观察证据,对齐通过,0.5253,无,不可获得,
14,情感极性,文本,1,Vettese,维特塞,"[35, 42]","[[35, 38], [38, 41], [41, 42]]","[11, 12, 13]",8,3.0483040514471074,-0.17479854147512225,2.141335,2.461534,已精确定位原文,对齐通过,0.6443,无,不适用,
14,情感极性,文本,2,Rossen,罗森,"[24, 30]","[[24, 28], [28, 30]]","[8, 9]",6,2.313584838696708,-0.08507685485582112,1.580986,1.961223,已精确定位原文,对齐通过,0.5842,无,不适用,
14,情感极性,文本,3,Limited,有限公司,"[43, 50]","[[43, 50]]",[14],9,1.7473132956373725,0.06751504935516803,2.541584,2.841772,已精确定位原文,对齐通过,0.994,无,不适用,
14,情感极性,语音,1,Vettese,维特塞,"[35, 42]","[[35, 38], [38, 41], [41, 42]]","[11, 12, 13]",8,0.29565953350440993,-0.007277006630537419,2.141335,2.461534,词语时间关联可用,对齐通过,0.6443,无,不可获得,samples/14/audio_clips/word008_2141335_2461534.wav
14,情感极性,语音,2,Toronto's,多伦多的,"[131, 140]","[[131, 138], [138, 139], [139, 140]]","[30, 31, 32]",22,0.2877184754930503,-0.021449397923241173,8.385227,8.765464,词语时间关联可用,对齐通过,0.7473,无,不可获得,samples/14/audio_clips/word022_8385227_8765464.wav
14,情感极性,语音,3,Rossen,罗森,"[24, 30]","[[24, 28], [28, 30]]","[8, 9]",6,0.20390642574347256,-0.00033524829038003665,1.580986,1.961223,词语时间关联可用,对齐通过,0.5842,无,不可获得,samples/14/audio_clips/word006_1580986_1961223.wav
14,情感极性,视觉,1,Toronto's,多伦多的,"[131, 140]","[[131, 138], [138, 139], [139, 140]]","[30, 31, 32]",22,0.8536089825703164,0.17395004990811758,8.385227,8.765464,词语时间关联可用,对齐通过,0.7473,无,不可获得,samples/14/keyframes/frame000257.png
14,情感极性,视觉,2,University,大学,"[146, 156]","[[146, 156]]",[34],24,0.4136288950756514,0.07732618838124682,9.065651,9.605988,词语时间关联可用,对齐通过,0.9778,无,不可获得,samples/14/keyframes/frame000280.png
14,情感极性,视觉,3,York,约克,"[141, 145]","[[141, 145]]",[33],23,0.4109448946663144,0.08464720153020379,8.805489,8.965589,词语时间关联可用,对齐通过,0.9945,无,不可获得,samples/14/keyframes/frame000266.png
14,情感强度,文本,1,Vettese,维特塞,"[35, 42]","[[35, 38], [38, 41], [41, 42]]","[11, 12, 13]",8,0.7801983215681882,-0.03726417396950297,2.141335,2.461534,已精确定位原文,对齐通过,0.6443,无,不适用,
14,情感强度,文本,2,Rossen,罗森,"[24, 30]","[[24, 28], [28, 30]]","[8, 9]",6,0.5898736233257916,-0.018514337315429737,1.580986,1.961223,已精确定位原文,对齐通过,0.5842,无,不适用,
14,情感强度,文本,3,Limited,有限公司,"[43, 50]","[[43, 50]]",[14],9,0.44341691219955326,0.02082571556031351,2.541584,2.841772,已精确定位原文,对齐通过,0.994,无,不适用,
14,情感强度,语音,1,Vettese,维特塞,"[35, 42]","[[35, 38], [38, 41], [41, 42]]","[11, 12, 13]",8,0.07920536993226314,0.0005515680084001059,2.141335,2.461534,词语时间关联可用,对齐通过,0.6443,无,不可获得,samples/14/audio_clips/word008_2141335_2461534.wav
14,情感强度,语音,2,Toronto's,多伦多的,"[131, 140]","[[131, 138], [138, 139], [139, 140]]","[30, 31, 32]",22,0.07233960990576056,-0.006451755142193286,8.385227,8.765464,词语时间关联可用,对齐通过,0.7473,无,不可获得,samples/14/audio_clips/word022_8385227_8765464.wav
14,情感强度,语音,3,Rossen,罗森,"[24, 30]","[[24, 28], [28, 30]]","[8, 9]",6,0.053104557056298844,0.0007694046751198192,1.580986,1.961223,词语时间关联可用,对齐通过,0.5842,无,不可获得,samples/14/audio_clips/word006_1580986_1961223.wav
14,情感强度,视觉,1,Toronto's,多伦多的,"[131, 140]","[[131, 138], [138, 139], [139, 140]]","[30, 31, 32]",22,0.3894251479884391,0.07649547172552182,8.385227,8.765464,词语时间关联可用,对齐通过,0.7473,无,不可获得,samples/14/keyframes/frame000257.png
14,情感强度,视觉,2,University,大学,"[146, 156]","[[146, 156]]",[34],24,0.18650218832475532,0.03208161543547325,9.065651,9.605988,词语时间关联可用,对齐通过,0.9778,无,不可获得,samples/14/keyframes/frame000280.png
14,情感强度,视觉,3,York,约克,"[141, 145]","[[141, 145]]",[33],23,0.18159089343604717,0.03593115585115434,8.805489,8.965589,词语时间关联可用,对齐通过,0.9945,无,不可获得,samples/14/keyframes/frame000266.png
15,情感极性,文本,1,prioritize,优先考虑,"[43, 53]","[[43, 48], [48, 51], [51, 53]]","[9, 10, 11]",6,2.6124039003559645,-0.031997111095351784,2.504902,2.945764,已精确定位原文,待复核,0.0018,对齐分数偏低；转写与语音疑似不一致,不适用,
15,情感极性,文本,2,believed,相信,"[77, 85]","[[77, 85]]",[15],10,2.5767929010375252,0.4749203286481122,4.248313,4.528862,已精确定位原文,待复核,0.2431,对齐分数偏低；转写与语音疑似不一致,不适用,
15,情感极性,文本,3,in,与“相信”连用,"[86, 88]","[[86, 88]]",[16],11,1.8943041751707623,0.34202826826415333,4.689176,4.889568,已精确定位原文,待复核,0.9994,转写与语音疑似不一致,不适用,
15,情感极性,语音,1,prioritize,优先考虑,"[43, 53]","[[43, 48], [48, 51], [51, 53]]","[9, 10, 11]",6,0.370411595501699,0.0030258367167975073,2.504902,2.945764,对齐结果待复核,待复核,0.0018,对齐分数偏低；转写与语音疑似不一致,不可获得,
15,情感极性,语音,2,in,与“相信”连用,"[86, 88]","[[86, 88]]",[16],11,0.14500674995887397,-0.0011388798238448513,4.689176,4.889568,对齐结果待复核,待复核,0.9994,转写与语音疑似不一致,不可获得,
15,情感极性,语音,3,poverty,贫困,"[23, 30]","[[23, 30]]",[5],3,0.14395099452083499,-0.009900210594482225,1.623176,1.763451,对齐结果待复核,待复核,0.1428,对齐分数偏低；转写与语音疑似不一致,不可获得,
15,情感极性,视觉,1,lives,人生,"[112, 117]","[[112, 117]]",[21],16,0.5348825719270677,0.05898394543577682,7.033764,7.294273,对齐结果待复核,待复核,0.3945,对齐分数偏低；转写与语音疑似不一致,不可获得,
15,情感极性,视觉,2,prioritize,优先考虑,"[43, 53]","[[43, 48], [48, 51], [51, 53]]","[9, 10, 11]",6,0.35942701510992947,-0.07401116039468333,2.504902,2.945764,对齐结果待复核,待复核,0.0018,对齐分数偏低；转写与语音疑似不一致,不可获得,
15,情感极性,视觉,3,its,它的,"[89, 92]","[[89, 92]]",[17],12,0.15162764910273444,-0.0021567999555593834,5.33043,5.450666,对齐结果待复核,待复核,0.6666,转写与语音疑似不一致,不可获得,
15,情感强度,文本,1,believed,相信,"[77, 85]","[[77, 85]]",[15],10,1.0771771921772242,0.19446498688723862,4.248313,4.528862,已精确定位原文,待复核,0.2431,对齐分数偏低；转写与语音疑似不一致,不适用,
15,情感强度,文本,2,prioritize,优先考虑,"[43, 53]","[[43, 48], [48, 51], [51, 53]]","[9, 10, 11]",6,1.0594137945410798,-0.007633703843768278,2.504902,2.945764,已精确定位原文,待复核,0.0018,对齐分数偏低；转写与语音疑似不一致,不适用,
15,情感强度,文本,3,in,与“相信”连用,"[86, 88]","[[86, 88]]",[16],11,0.7623533535225879,0.13349248294982505,4.689176,4.889568,已精确定位原文,待复核,0.9994,转写与语音疑似不一致,不适用,
15,情感强度,语音,1,prioritize,优先考虑,"[43, 53]","[[43, 48], [48, 51], [51, 53]]","[9, 10, 11]",6,0.17612085598798877,0.011492807294619975,2.504902,2.945764,对齐结果待复核,待复核,0.0018,对齐分数偏低；转写与语音疑似不一致,不可获得,
15,情感强度,语音,2,in,与“相信”连用,"[86, 88]","[[86, 88]]",[16],11,0.06543723473737227,0.0004967960409534167,4.689176,4.889568,对齐结果待复核,待复核,0.9994,转写与语音疑似不一致,不可获得,
15,情感强度,语音,3,poverty,贫困,"[23, 30]","[[23, 30]]",[5],3,0.06281776840787652,-0.004864970708108461,1.623176,1.763451,对齐结果待复核,待复核,0.1428,对齐分数偏低；转写与语音疑似不一致,不可获得,
15,情感强度,视觉,1,lives,人生,"[112, 117]","[[112, 117]]",[21],16,0.2207536367491069,0.037351190904111965,7.033764,7.294273,对齐结果待复核,待复核,0.3945,对齐分数偏低；转写与语音疑似不一致,不可获得,
15,情感强度,视觉,2,prioritize,优先考虑,"[43, 53]","[[43, 48], [48, 51], [51, 53]]","[9, 10, 11]",6,0.2042852950728692,-0.007521011703839919,2.504902,2.945764,对齐结果待复核,待复核,0.0018,对齐分数偏低；转写与语音疑似不一致,不可获得,
15,情感强度,视觉,3,transform,改变,"[102, 111]","[[102, 111]]",[20],15,0.06875876671056176,0.007620450546352609,6.753215,6.993685,对齐结果待复核,待复核,0.2136,对齐分数偏低；转写与语音疑似不一致,不可获得,
16,情感极性,文本,1,terrible,糟糕的,"[27, 35]","[[27, 35]]",[10],6,5.379431322722969,2.284869590764066,1.834275,2.176942,已精确定位原文,待复核,0.9935,转写与语音疑似不一致,不适用,
16,情感极性,文本,2,terrible,糟糕的,"[7, 15]","[[7, 15]]",[5],2,3.5842050311500087,1.3098023931582736,0.806275,1.189255,已精确定位原文,待复核,0.9682,转写与语音疑似不一致,不适用,
16,情感极性,文本,3,It's,这是一部,"[0, 4]","[[0, 2], [2, 3], [3, 4]]","[1, 2, 3]",0,2.614934353823571,0.3228012288751417,0.483765,0.604706,已精确定位原文,待复核,0.3727,对齐分数偏低；转写与语音疑似不一致,不适用,
16,情感极性,语音,1,It's,这是一部,"[0, 4]","[[0, 2], [2, 3], [3, 4]]","[1, 2, 3]",0,0.22258359296405456,0.029021363278598437,0.483765,0.604706,对齐结果待复核,待复核,0.3727,对齐分数偏低；转写与语音疑似不一致,不可获得,
16,情感极性,语音,2,terrible,糟糕的,"[7, 15]","[[7, 15]]",[5],2,0.14788463947739627,-0.010434431080332958,0.806275,1.189255,对齐结果待复核,待复核,0.9682,转写与语音疑似不一致,不可获得,
16,情感极性,语音,3,this,这,"[17, 21]","[[17, 21]]",[7],3,0.1472310361950969,-0.02759558697570794,1.511765,1.592393,对齐结果待复核,待复核,0.244,对齐分数偏低；转写与语音疑似不一致,不可获得,
16,情感极性,视觉,1,It's,这是一部,"[0, 4]","[[0, 2], [2, 3], [3, 4]]","[1, 2, 3]",0,0.380806282189189,0.0809861357115485,0.483765,0.604706,对齐结果待复核,待复核,0.3727,对齐分数偏低；转写与语音疑似不一致,不可获得,
16,情感极性,视觉,2,this,这,"[17, 21]","[[17, 21]]",[7],3,0.3454885996404235,-0.0014561829203640782,1.511765,1.592393,对齐结果待复核,待复核,0.244,对齐分数偏低；转写与语音疑似不一致,不可获得,
16,情感极性,视觉,3,terrible,糟糕的,"[27, 35]","[[27, 35]]",[10],6,0.2770531539969192,-0.03081484853770542,1.834275,2.176942,对齐结果待复核,待复核,0.9935,转写与语音疑似不一致,不可获得,
16,情感强度,文本,1,terrible,糟糕的,"[27, 35]","[[27, 35]]",[10],6,2.2812812332413523,-0.968360380403722,1.834275,2.176942,已精确定位原文,待复核,0.9935,转写与语音疑似不一致,不适用,
16,情感强度,文本,2,terrible,糟糕的,"[7, 15]","[[7, 15]]",[5],2,1.4757704331788224,-0.5655931431066477,0.806275,1.189255,已精确定位原文,待复核,0.9682,转写与语音疑似不一致,不适用,
16,情感强度,文本,3,It's,这是一部,"[0, 4]","[[0, 2], [2, 3], [3, 4]]","[1, 2, 3]",0,0.6677292214630901,-0.0931328645713564,0.483765,0.604706,已精确定位原文,待复核,0.3727,对齐分数偏低；转写与语音疑似不一致,不适用,
16,情感强度,语音,1,It's,这是一部,"[0, 4]","[[0, 2], [2, 3], [3, 4]]","[1, 2, 3]",0,0.13455130283378497,-0.028579391505699457,0.483765,0.604706,对齐结果待复核,待复核,0.3727,对齐分数偏低；转写与语音疑似不一致,不可获得,
16,情感强度,语音,2,terrible,糟糕的,"[7, 15]","[[7, 15]]",[5],2,0.07703903888675726,-0.00047992423558959,0.806275,1.189255,对齐结果待复核,待复核,0.9682,转写与语音疑似不一致,不可获得,
16,情感强度,语音,3,terrible,糟糕的,"[27, 35]","[[27, 35]]",[10],6,0.07681608573691355,-0.011427425886369075,1.834275,2.176942,对齐结果待复核,待复核,0.9935,转写与语音疑似不一致,不可获得,
16,情感强度,视觉,1,It's,这是一部,"[0, 4]","[[0, 2], [2, 3], [3, 4]]","[1, 2, 3]",0,0.13861013110034948,-0.01704681616150626,0.483765,0.604706,对齐结果待复核,待复核,0.3727,对齐分数偏低；转写与语音疑似不一致,不可获得,
16,情感强度,视觉,2,this,这,"[17, 21]","[[17, 21]]",[7],3,0.09499672381859763,-0.0012897117872191215,1.511765,1.592393,对齐结果待复核,待复核,0.244,对齐分数偏低；转写与语音疑似不一致,不可获得,
16,情感强度,视觉,3,terrible,糟糕的,"[27, 35]","[[27, 35]]",[10],6,0.08460468014395266,0.007539339588297654,1.834275,2.176942,对齐结果待复核,待复核,0.9935,转写与语音疑似不一致,不可获得,
17,情感极性,文本,1,simple,简单的,"[61, 67]","[[61, 67]]",[10],9,1.7076912980383923,0.26691850350780844,4.811761,5.112496,已精确定位原文,对齐通过,0.9918,无,不适用,
17,情感极性,文本,2,easy,容易的,"[69, 73]","[[69, 73]]",[12],10,1.3517934898534585,0.19828840334080744,5.653819,5.874358,已精确定位原文,对齐通过,0.9527,无,不适用,
17,情感极性,文本,3,is,是,"[58, 60]","[[58, 60]]",[9],8,1.107355089579685,0.22151661168518993,4.350634,4.43083,已精确定位原文,对齐通过,0.9995,无,不适用,
17,情感极性,语音,1,concepts,理念,"[27, 35]","[[27, 35]]",[5],4,0.16760195223418828,-0.016218703687414415,2.225439,2.746714,词语时间关联可用,对齐通过,0.9839,无,不可获得,samples/17/audio_clips/word004_2225439_2746714.wav
17,情感极性,语音,2,Applying,应用,"[0, 8]","[[0, 8]]",[1],0,0.16728643147605454,-0.013517863165430442,0.621519,1.00245,词语时间关联可用,对齐通过,0.6275,无,不可获得,samples/17/audio_clips/word000_621519_1002450.wav
17,情感极性,语音,3,these,这些,"[9, 14]","[[9, 14]]",[2],1,0.1574479334489032,-0.012455210609210619,1.082646,1.303185,词语时间关联可用,对齐通过,0.9977,无,不可获得,samples/17/audio_clips/word001_1082646_1303185.wav
17,情感极性,视觉,1,turned,变成了,"[105, 111]","[[105, 111]]",[19],17,0.3302076324391498,0.00010015001259287945,7.85921,8.0597,词语时间关联可用,对齐通过,0.9415,无,不可获得,samples/17/keyframes/frame000238.png
17,情感极性,视觉,2,into,变成,"[112, 116]","[[112, 116]]",[20],18,0.30475963186438443,-0.0029534603975363187,8.099798,8.220092,词语时间关联可用,对齐通过,0.9847,无,不可获得,samples/17/keyframes/frame000244.png
17,情感极性,视觉,3,presentations,演示文稿,"[44, 57]","[[44, 57]]",[8],7,0.22822272934028884,0.03180548396411758,3.127645,3.82936,词语时间关联可用,对齐通过,0.9961,无,不可获得,samples/17/keyframes/frame000104.png
17,情感强度,文本,1,simple,简单的,"[61, 67]","[[61, 67]]",[10],9,0.7804284681039276,0.11898797855971226,4.811761,5.112496,已精确定位原文,对齐通过,0.9918,无,不适用,
17,情感强度,文本,2,easy,容易的,"[69, 73]","[[69, 73]]",[12],10,0.5913237236271531,0.08510108631135793,5.653819,5.874358,已精确定位原文,对齐通过,0.9527,无,不适用,
17,情感强度,文本,3,is,是,"[58, 60]","[[58, 60]]",[9],8,0.4571712639282651,0.08763784738526456,4.350634,4.43083,已精确定位原文,对齐通过,0.9995,无,不适用,
17,情感强度,语音,1,your,你的,"[39, 43]","[[39, 43]]",[7],6,0.06396275051565456,-0.0048269000955585145,2.967253,3.087547,词语时间关联可用,对齐通过,0.9935,无,不可获得,samples/17/audio_clips/word006_2967253_3087547.wav
17,情感强度,语音,2,presentations,演示文稿,"[44, 57]","[[44, 57]]",[8],7,0.06021050064542835,-0.006524021843377701,3.127645,3.82936,词语时间关联可用,对齐通过,0.9961,无,不可获得,samples/17/audio_clips/word007_3127645_3829360.wav
17,情感强度,语音,3,simple,简单的,"[61, 67]","[[61, 67]]",[10],9,0.054217890149179444,-0.003930481177201525,4.811761,5.112496,词语时间关联可用,对齐通过,0.9918,无,不可获得,samples/17/audio_clips/word009_4811761_5112496.wav
17,情感强度,视觉,1,turned,变成了,"[105, 111]","[[105, 111]]",[19],17,0.16221063404641287,0.00519160812335016,7.85921,8.0597,词语时间关联可用,对齐通过,0.9415,无,不可获得,samples/17/keyframes/frame000238.png
17,情感强度,视觉,2,into,变成,"[112, 116]","[[112, 116]]",[20],18,0.1522542532236977,0.004701154122404457,8.099798,8.220092,词语时间关联可用,对齐通过,0.9847,无,不可获得,samples/17/keyframes/frame000244.png
17,情感强度,视觉,3,a,一位,"[117, 118]","[[117, 118]]",[21],19,0.11115512084591107,0.003107490264021383,8.26019,8.280239,词语时间关联可用,对齐通过,0.9939,无,不可获得,samples/17/keyframes/frame000248.png
18,情感极性,文本,1,denied,未获准,"[123, 129]","[[123, 129]]",[29],19,8.401761989711972,-1.5304610385328947,9.028023,9.428379,已精确定位原文,对齐通过,0.9819,无,不适用,
18,情感极性,文本,2,Mackerel,鲭鱼,"[97, 105]","[[97, 101], [101, 104], [104, 105]]","[23, 24, 25]",15,3.036449531098447,-0.15116642772374211,7.826956,8.167258,已精确定位原文,对齐通过,0.6486,无,不适用,
18,情感极性,文本,3,mackerel,鲭鱼,"[219, 227]","[[219, 223], [223, 226], [226, 227]]","[46, 47, 48]",36,2.5519565517605223,-0.039669806559958304,14.813165,15.21352,已精确定位原文,对齐通过,0.6749,无,不适用,
18,情感极性,语音,1,mackerel,鲭鱼,"[219, 227]","[[219, 223], [223, 226], [226, 227]]","[46, 47, 48]",36,0.22534708778132184,0.005971830244540318,14.813165,15.21352,词语时间关联可用,对齐通过,0.6749,无,不可获得,samples/18/audio_clips/word036_14813165_15213520.wav
18,情感极性,语音,2,Faeroese,法罗群岛的,"[88, 96]","[[88, 91], [91, 93], [93, 96]]","[20, 21, 22]",14,0.1804068738072117,-0.007403464682451346,7.306493,7.746885,对齐结果待复核,待复核,0.4005,对齐分数偏低,不可获得,
18,情感极性,语音,3,Mackerel,鲭鱼,"[97, 105]","[[97, 101], [101, 104], [104, 105]]","[23, 24, 25]",15,0.16167934796994593,-0.020731175851492648,7.826956,8.167258,词语时间关联可用,对齐通过,0.6486,无,不可获得,samples/18/audio_clips/word015_7826956_8167258.wav
18,情感极性,视觉,1,mackerel,鲭鱼,"[219, 227]","[[219, 223], [223, 226], [226, 227]]","[46, 47, 48]",36,0.3555424622500003,0.053952389419046745,14.813165,15.21352,词语时间关联可用,对齐通过,0.6749,无,不可获得,samples/18/keyframes/frame000450.png
18,情感极性,视觉,2,Mackerel,鲭鱼,"[97, 105]","[[97, 101], [101, 104], [104, 105]]","[23, 24, 25]",15,0.34895692841501463,0.006837765160561638,7.826956,8.167258,词语时间关联可用,对齐通过,0.6486,无,不可获得,samples/18/keyframes/frame000239.png
18,情感极性,视觉,3,Faeroese,法罗群岛的,"[88, 96]","[[88, 91], [91, 93], [93, 96]]","[20, 21, 22]",14,0.2331761946881156,0.026378483031158265,7.306493,7.746885,对齐结果待复核,待复核,0.4005,对齐分数偏低,不可获得,
18,情感强度,文本,1,denied,未获准,"[123, 129]","[[123, 129]]",[29],19,1.6451259124889943,-0.32055333402843006,9.028023,9.428379,已精确定位原文,对齐通过,0.9819,无,不适用,
18,情感强度,文本,2,Mackerel,鲭鱼,"[97, 105]","[[97, 101], [101, 104], [104, 105]]","[23, 24, 25]",15,1.2559484592437729,0.0635234212383993,7.826956,8.167258,已精确定位原文,对齐通过,0.6486,无,不适用,
18,情感强度,文本,3,mackerel,鲭鱼,"[219, 227]","[[219, 223], [223, 226], [226, 227]]","[46, 47, 48]",36,0.7678157227254767,0.010386148927899963,14.813165,15.21352,已精确定位原文,对齐通过,0.6749,无,不适用,
18,情感强度,语音,1,Faeroese,法罗群岛的,"[88, 96]","[[88, 91], [91, 93], [93, 96]]","[20, 21, 22]",14,0.06903102466453646,-0.0005888486449662842,7.306493,7.746885,对齐结果待复核,待复核,0.4005,对齐分数偏低,不可获得,
18,情感强度,语音,2,Mackerel,鲭鱼,"[97, 105]","[[97, 101], [101, 104], [104, 105]]","[23, 24, 25]",15,0.054626212255553364,-0.0021804760295689746,7.826956,8.167258,词语时间关联可用,对齐通过,0.6486,无,不可获得,samples/18/audio_clips/word015_7826956_8167258.wav
18,情感强度,语音,3,mackerel,鲭鱼,"[219, 227]","[[219, 223], [223, 226], [226, 227]]","[46, 47, 48]",36,0.04976774340135254,-0.005952377774349669,14.813165,15.21352,词语时间关联可用,对齐通过,0.6749,无,不可获得,samples/18/audio_clips/word036_14813165_15213520.wav
18,情感强度,视觉,1,Mackerel,鲭鱼,"[97, 105]","[[97, 101], [101, 104], [104, 105]]","[23, 24, 25]",15,0.06696008823259941,-0.009912483233153174,7.826956,8.167258,词语时间关联可用,对齐通过,0.6486,无,不可获得,samples/18/keyframes/frame000239.png
18,情感强度,视觉,2,mackerel,鲭鱼,"[219, 227]","[[219, 223], [223, 226], [226, 227]]","[46, 47, 48]",36,0.06641487068819213,-0.011105675448199294,14.813165,15.21352,词语时间关联可用,对齐通过,0.6749,无,不可获得,samples/18/keyframes/frame000450.png
18,情感强度,视觉,3,Faeroese,法罗群岛的,"[88, 96]","[[88, 91], [91, 93], [93, 96]]","[20, 21, 22]",14,0.038230145924487896,-0.00829768922443591,7.306493,7.746885,对齐结果待复核,待复核,0.4005,对齐分数偏低,不可获得,
19,情感极性,文本,1,forgiving,宽容；原谅,"[24, 33]","[[24, 27], [27, 33]]","[4, 5]",3,10.71449522009133,-1.5372082001766683,1.801431,2.221765,已精确定位原文,对齐通过,0.9963,无,不适用,
19,情感极性,文本,2,surprisingly,令人意外地,"[11, 23]","[[11, 23]]",[3],2,6.593402323955388,1.4340219866741506,0.960763,1.701352,已精确定位原文,对齐通过,0.9969,无,不适用,
19,情感极性,文本,3,haters,心怀反感的人,"[94, 100]","[[94, 98], [98, 100]]","[17, 18]",14,3.6164631569582344,-0.3305695583074212,6.385072,6.745359,已精确定位原文,对齐通过,0.9906,无,不适用,
19,情感极性,语音,1,haters,心怀反感的人,"[94, 100]","[[94, 98], [98, 100]]","[17, 18]",14,0.23409867681048907,-0.007048238931701843,6.385072,6.745359,词语时间关联可用,对齐通过,0.9906,无,不可获得,samples/19/audio_clips/word014_6385072_6745359.wav
19,情感极性,语音,2,forgiving,宽容；原谅,"[24, 33]","[[24, 27], [27, 33]]","[4, 5]",3,0.209868332168834,-0.01160801692398336,1.801431,2.221765,词语时间关联可用,对齐通过,0.9963,无,不可获得,samples/19/audio_clips/word003_1801431_2221765.wav
19,情感极性,语音,3,imperfections,缺点,"[151, 164]","[[151, 160], [160, 164]]","[29, 30]",25,0.18530691480923916,-0.009103470488087967,9.987934,10.708507,词语时间关联可用,对齐通过,0.9817,无,不可获得,samples/19/audio_clips/word025_9987934_10708507.wav
19,情感极性,视觉,1,forgiving,宽容；原谅,"[24, 33]","[[24, 27], [27, 33]]","[4, 5]",3,0.3166808561358847,0.028829509019893472,1.801431,2.221765,词语时间关联可用,对齐通过,0.9963,无,不可获得,samples/19/keyframes/frame000060.png
19,情感极性,视觉,2,haters,心怀反感的人,"[94, 100]","[[94, 98], [98, 100]]","[17, 18]",14,0.31103467891510794,0.04422798382620381,6.385072,6.745359,词语时间关联可用,对齐通过,0.9906,无,不可获得,samples/19/keyframes/frame000196.png
19,情感极性,视觉,3,to,用于连接后续动词,"[116, 118]","[[116, 118]]",[22],18,0.2844489390342167,0.03855620254875144,8.066408,8.146472,词语时间关联可用,对齐通过,0.9998,无,不可获得,samples/19/keyframes/frame000243.png
19,情感强度,文本,1,forgiving,宽容；原谅,"[24, 33]","[[24, 27], [27, 33]]","[4, 5]",3,3.0572769881580077,-0.3276762193294843,1.801431,2.221765,已精确定位原文,对齐通过,0.9963,无,不适用,
19,情感强度,文本,2,surprisingly,令人意外地,"[11, 23]","[[11, 23]]",[3],2,2.3610586585680613,0.4839289740950019,0.960763,1.701352,已精确定位原文,对齐通过,0.9969,无,不适用,
19,情感强度,文本,3,haters,心怀反感的人,"[94, 100]","[[94, 98], [98, 100]]","[17, 18]",14,0.9086408915634222,-0.035880380749362076,6.385072,6.745359,已精确定位原文,对齐通过,0.9906,无,不适用,
19,情感强度,语音,1,forgiving,宽容；原谅,"[24, 33]","[[24, 27], [27, 33]]","[4, 5]",3,0.07365217063678053,-0.003876958031695051,1.801431,2.221765,词语时间关联可用,对齐通过,0.9963,无,不可获得,samples/19/audio_clips/word003_1801431_2221765.wav
19,情感强度,语音,2,haters,心怀反感的人,"[94, 100]","[[94, 98], [98, 100]]","[17, 18]",14,0.07302477489583817,-0.0027530443971434,6.385072,6.745359,词语时间关联可用,对齐通过,0.9906,无,不可获得,samples/19/audio_clips/word014_6385072_6745359.wav
19,情感强度,语音,3,imperfections,缺点,"[151, 164]","[[151, 160], [160, 164]]","[29, 30]",25,0.06448227807519752,-0.0032385963667233867,9.987934,10.708507,词语时间关联可用,对齐通过,0.9817,无,不可获得,samples/19/audio_clips/word025_9987934_10708507.wav
19,情感强度,视觉,1,forgiving,宽容；原谅,"[24, 33]","[[24, 27], [27, 33]]","[4, 5]",3,0.12106111125246435,0.019413612798909748,1.801431,2.221765,词语时间关联可用,对齐通过,0.9963,无,不可获得,samples/19/keyframes/frame000060.png
19,情感强度,视觉,2,haters,心怀反感的人,"[94, 100]","[[94, 98], [98, 100]]","[17, 18]",14,0.12024218602858433,0.02181247307264595,6.385072,6.745359,词语时间关联可用,对齐通过,0.9906,无,不可获得,samples/19/keyframes/frame000196.png
19,情感强度,视觉,3,to,用于连接后续动词,"[116, 118]","[[116, 118]]",[22],18,0.11021820016581484,0.022673342894706308,8.066408,8.146472,词语时间关联可用,对齐通过,0.9998,无,不可获得,samples/19/keyframes/frame000243.png
20,情感极性,文本,1,end,结束,"[151, 154]","[[151, 154]]",[38],30,2.9073120479101764,0.3663192299924245,9.048266,9.108321,已精确定位原文,对齐通过,0.999,无,不适用,
20,情感极性,文本,2,course,与前面的介词连用，表示当然,"[7, 13]","[[7, 13]]",[3],2,2.1902210453525126,0.33705155774109197,0.82075,1.040951,已精确定位原文,对齐通过,0.9505,无,不适用,
20,情感极性,文本,3,of,……的,"[155, 157]","[[155, 157]]",[39],31,1.725132529770741,0.1746761143540307,9.148357,9.188394,已精确定位原文,对齐通过,0.9831,无,不适用,
20,情感极性,语音,1,we'll,我们将会,"[80, 85]","[[80, 82], [82, 83], [83, 85]]","[19, 20, 21]",16,0.18410653542491207,0.004311834163444068,4.704297,4.884462,词语时间关联可用,对齐通过,0.9461,无,不可获得,samples/20/audio_clips/word016_4704297_4884462.wav
20,情感极性,语音,2,And,并且,"[0, 3]","[[0, 3]]",[1],0,0.09987099049453269,-0.006703974081440864,0.560512,0.640585,词语时间关联可用,对齐通过,0.9956,无,不可获得,samples/20/audio_clips/word000_560512_640585.wav
20,情感极性,语音,3,stock,股票；股市,"[115, 120]","[[115, 120]]",[28],23,0.09607836135122225,-0.008016337302728256,7.086474,7.306675,词语时间关联可用,对齐通过,0.9902,无,不可获得,samples/20/audio_clips/word023_7086474_7306675.wav
20,情感极性,视觉,1,we'll,我们将会,"[80, 85]","[[80, 82], [82, 83], [83, 85]]","[19, 20, 21]",16,0.5217095606459318,0.09838768826736329,4.704297,4.884462,词语时间关联可用,对齐通过,0.9461,无,不可获得,samples/20/keyframes/frame000143.png
20,情感极性,视觉,2,this,这个,"[55, 59]","[[55, 59]]",[13],11,0.20044204420246975,0.040804625327024335,2.762524,2.882633,词语时间关联可用,对齐通过,0.8424,无,不可获得,samples/20/keyframes/frame000084.png
20,情感极性,视觉,3,more,更多,"[70, 74]","[[70, 74]]",[16],14,0.17989566524152478,0.03592708114225616,3.543237,3.783456,词语时间关联可用,对齐通过,0.9592,无,不可获得,samples/20/keyframes/frame000109.png
20,情感强度,文本,1,end,结束,"[151, 154]","[[151, 154]]",[38],30,1.1991524441550083,0.14389909302784293,9.048266,9.108321,已精确定位原文,对齐通过,0.999,无,不适用,
20,情感强度,文本,2,course,与前面的介词连用，表示当然,"[7, 13]","[[7, 13]]",[3],2,0.8929126019411311,0.13164443086035227,0.82075,1.040951,已精确定位原文,对齐通过,0.9505,无,不适用,
20,情感强度,文本,3,of,……的,"[155, 157]","[[155, 157]]",[39],31,0.7078836977401383,0.07099153185924473,9.148357,9.188394,已精确定位原文,对齐通过,0.9831,无,不适用,
20,情感强度,语音,1,we'll,我们将会,"[80, 85]","[[80, 82], [82, 83], [83, 85]]","[19, 20, 21]",16,0.080779235358384,0.014124362557650164,4.704297,4.884462,词语时间关联可用,对齐通过,0.9461,无,不可获得,samples/20/audio_clips/word016_4704297_4884462.wav
20,情感强度,语音,2,stock,股票；股市,"[115, 120]","[[115, 120]]",[28],23,0.05054556832252279,-0.0035319091172540435,7.086474,7.306675,词语时间关联可用,对齐通过,0.9902,无,不可获得,samples/20/audio_clips/word023_7086474_7306675.wav
20,情感强度,语音,3,of,……的,"[33, 35]","[[33, 35]]",[9],7,0.05050408079919651,-0.0013222554518976665,2.061884,2.10192,对齐结果待复核,待复核,0.0009,对齐分数偏低,不可获得,
20,情感强度,视觉,1,we'll,我们将会,"[80, 85]","[[80, 82], [82, 83], [83, 85]]","[19, 20, 21]",16,0.2915262171465389,0.048866905293284524,4.704297,4.884462,词语时间关联可用,对齐通过,0.9461,无,不可获得,samples/20/keyframes/frame000143.png
20,情感强度,视觉,2,this,这个,"[55, 59]","[[55, 59]]",[13],11,0.10906264083123247,0.02008661408551862,2.762524,2.882633,词语时间关联可用,对齐通过,0.8424,无,不可获得,samples/20/keyframes/frame000084.png
20,情感强度,视觉,3,video,视频,"[60, 65]","[[60, 65]]",[14],12,0.10055278020974717,0.016700797034479055,2.962706,3.222944,词语时间关联可用,对齐通过,0.7894,无,不可获得,samples/20/keyframes/frame000092.png
