样本编号,预测情感,预测强度,原始文本,全文中文释义,模型可见部分中文释义,输入截断,原始输入全零模态,文本与声学转写匹配程度,媒体时间说明,情感极性主要参考模态,情感极性文本作用程度,情感极性文本有符号Shapley值,情感极性语音作用程度,情感极性语音有符号Shapley值,情感极性视觉作用程度,情感极性视觉有符号Shapley值,情感强度主要参考模态,情感强度文本作用程度,情感强度文本有符号Shapley值,情感强度语音作用程度,情感强度语音有符号Shapley值,情感强度视觉作用程度,情感强度视觉有符号Shapley值
01,中性,0.15408796072006226,Replacing these wear components when replacing the timing belt is essential to ensuring the new belt performs to its mileage requirements,更换正时皮带时，同时更换这些磨损部件，对于确保新皮带达到规定的使用里程至关重要。,更换正时皮带时，同时更换这些磨损部件，对于确保新皮带达到规定的使用里程至关重要。,否,无,0.8095,WhisperX事后词语时间对应；原缓存特征提取窗口不可获得,视觉,0.0027999660406844143,-0.003913203875223786,0.44224879901333747,0.6180823942025502,0.5549512349459782,0.7755941649278004,视觉,0.05067530111611248,0.015524288018544514,0.4433153719559371,-0.13580887267986932,0.5060093269279504,-0.15501505384842554
02,负向,-0.2530078589916229,We want to live by each other’s happiness - not by each other’s misery.,我们希望彼此的幸福成为我们生活的依靠，而不是彼此的痛苦。,我们希望彼此的幸福成为我们生活的依靠，而不是彼此的痛苦。,否,无,1.0,WhisperX事后词语时间对应；原缓存特征提取窗口不可获得,文本,0.3990678368123665,1.3534289573629696,0.3130044015541032,1.0615468894441922,0.28792776163353023,0.9765000691016514,语音,0.16307437691555549,-0.11120093675951162,0.47018837745591946,-0.3206229514131943,0.3667372456285251,-0.2500792952875296
03,中性,0.07037424296140671,"There's one lender at the moment which I think is just Bankwest who don't take rental income into account, they take rental yield into account.",目前有一家贷款机构，我想应该就是 Bankwest，它不把租金收入纳入考量，而是把租金收益率纳入考量。,目前有一家贷款机构，我想应该就是 Bankwest，它不把租金收入纳入考量，而是把租金收益率纳入考量。,否,无,0.7407,WhisperX事后词语时间对应；原缓存特征提取窗口不可获得,文本,0.47490276526199926,0.7556450664997101,0.09952529092130148,0.15836040675640106,0.42557194381669927,0.6771519631147385,文本,0.8176746482302368,-0.2944466521342595,0.08169033911613889,-0.029416892056663826,0.10063501265362435,-0.03623891559739908
04,正向,0.48943036794662476,"If I blow it at the team exercise, should I kiss my chances of cheering ""GO BLUE"" goodbye?] Absolutely not.",如果我在团队练习中搞砸了，我是不是就得和喊出“蓝队加油”的机会说再见？绝对不是。,如果我在团队练习中搞砸了，我是不是就得和喊出“蓝队加油”的机会说再见？绝对不是。,否,无,0.9048,WhisperX事后词语时间对应；原缓存特征提取窗口不可获得,文本,0.6924619410972852,-3.3361525883277254,0.1054578977859612,0.5080764989058176,0.20208016111675364,0.9735845575730004,文本,0.48031657158012947,-0.7265582879384359,0.12657267220346274,0.191462109486262,0.3931107562164079,0.5946450630823771
05,正向,0.6402804255485535,"Hi, my name is Chloe, video marketer for Red Wagon Marketing.",你好，我叫克洛伊，是红色马车营销（Red Wagon Marketing）的视频营销人员。,你好，我叫克洛伊，是红色马车营销（Red Wagon Marketing）的视频营销人员。,否,无,0.6087,WhisperX事后词语时间对应；原缓存特征提取窗口不可获得,文本,0.5128169007689392,0.6283077994982401,0.340033304803656,-0.4166118105252583,0.14714979442740483,-0.18028922875722247,文本,0.5438034461734249,0.23048370579878488,0.24954196988424007,-0.10576497515042621,0.206654583942335,0.08758773903052011
06,正向,0.8747537136077881,"If you're a fan of dancing in that sense, just like to watch people dance, see impressive dance moves then you might want to check out this movie solely for that",如果你喜欢这类舞蹈，就是喜欢看别人跳舞、欣赏精彩的舞步，那么你也许会仅仅为此而想去看看这部电影。,如果你喜欢这类舞蹈，就是喜欢看别人跳舞、欣赏精彩的舞步，那么你也许会仅仅为此而想去看看这部电影。,否,无,0.7586,WhisperX事后词语时间对应；原缓存特征提取窗口不可获得,文本,0.5957887074256887,2.3083565334479013,0.11727442897704991,-0.4543744971354802,0.28693686359726145,-1.111723964413007,文本,0.6936496371670517,0.7954650049408276,0.10848866948137144,-0.12441286693016687,0.19786169335157683,-0.22690425316492716
07,正向,1.213449239730835,"As Linn’s associate editor Michael Baadke reports in our November 28 issue, attendees “enthusiastically discussed the topics of growing the hobby, the future of stamp shows, and dealers and philatelic partnerships, along with ways the leading organizations involved in the stamp hobby can work together to make it succeed and grow",正如 Linn’s 的副主编迈克尔·巴德克在我们 11 月 28 日那一期中报道的那样，与会者“热情地讨论了如何发展这一爱好、邮展的未来，以及邮商与集邮界的合作关系，也讨论了参与集邮活动的主要组织如何共同推动这一爱好的发展壮大。,正如 Linn’s 的副主编迈克尔·巴德克在我们 11 月 28 日那一期中报道的那样，与会者“热情地讨论了发展这一爱好、邮展的未来，以及邮商与集邮合作关系等话题，也讨论了主要……的方式〔原文在此截断〕,是,无,0.7451,WhisperX事后词语时间对应；原缓存特征提取窗口不可获得,文本,0.7920331188257916,2.1541323165098825,0.11431157820962401,-0.31089894970258075,0.09365530296458424,-0.25471903880437213,文本,0.9062524002856589,0.872512141863505,0.05955045004749908,-0.057333355148633317,0.03419714966684189,-0.032923971613248185
08,正向,0.32359468936920166,"That brings us to tonight, the Universal Design Grand Challenge",这就引出了今晚的通用设计大挑战赛。,这就引出了今晚的通用设计大挑战赛。,否,无,0.8182,WhisperX事后词语时间对应；原缓存特征提取窗口不可获得,文本,0.4703868111069945,1.7205019990603128,0.21082838892960404,-0.77113272746404,0.3187847999634014,-1.165997584660848,文本,0.45206529226222264,0.48523351798454917,0.18462631638937205,-0.19817242895563442,0.3633083913484053,-0.38996448492010427
09,负向,-2.0011775493621826,"(uhh) I did not like this movie at all, I would not recommend it",（呃）我一点也不喜欢这部电影，我不会推荐它。,（呃）我一点也不喜欢这部电影，我不会推荐它。,否,无,0.8387,WhisperX事后词语时间对应；原缓存特征提取窗口不可获得,文本,0.929105090693643,5.24177098274231,0.004017380588745891,0.022665023803710934,0.06687752871761107,0.3773057460784912,文本,0.9106604988590467,-2.2127926871180534,0.020874232095907122,-0.05072180926799774,0.06846526904504624,-0.16636215895414352
10,负向,-1.4864001274108887,(umm) And you know I really do like to see fluffy chick flicks sometimes so I'm not against that but this one was pretty terrible,（嗯）你知道，我有时确实喜欢看轻松的情感类电影，所以我并不反对这类电影，但这一部相当糟糕。,（嗯）你知道，我有时确实喜欢看轻松的情感类电影，所以我并不反对这类电影，但这一部相当糟糕。,否,无,0.76,WhisperX事后词语时间对应；原缓存特征提取窗口不可获得,文本,0.9473197812034128,4.777376929918924,0.005469126736236963,-0.02758105595906575,0.04721109206035029,0.23808769385019937,文本,0.9295565981965755,-1.8491186847289403,0.018246774393328582,0.03629736105600993,0.052196627410095814,-0.10383204122384389
11,负向,-1.9479299783706665,I would be ashamed to have made this film if I was a director,如果我是导演，拍出这部电影会让我感到羞愧。,如果我是导演，拍出这部电影会让我感到羞愧。,否,无,0.7407,WhisperX事后词语时间对应；原缓存特征提取窗口不可获得,文本,0.8776094116329453,4.864942252635956,0.06878528103791043,-0.3813045024871826,0.05360530732914434,-0.29715579748153687,文本,0.8381493264965219,-1.9911100963751474,0.08655995027315688,-0.20563208187619844,0.07529072323032139,-0.17886087174216905
12,负向,-0.6349976062774658,"Or worse, an individual previously had good credit, but usually by no fault of their own, or perhaps by fault of their own, they have let their credit sag, and credit scores is very low.",或者更糟的是，一个人原本信用良好，但通常并非出于自身过错，也可能确实是自己的过错，这个人的信用下降了，信用评分很低。,或者更糟的是，一个人原本信用良好，但通常并非出于自身过错，也可能确实是自己的过错，这个人的信用下降了，信用评分很低。,否,无,0.8986,WhisperX事后词语时间对应；原缓存特征提取窗口不可获得,文本,0.8564637738388079,3.6790949900945025,0.05743837479541874,-0.24673692385355633,0.08609785136577348,-0.369848887125651,文本,0.9114187045090165,-1.0862974996368089,0.03576037135609809,-0.04262190560499827,0.05282092413488536,0.06295595814784366
13,中性,0.054992616176605225,"For example, I could take a set of data and from that data, I can find a relationship between any two of the given factors or more.",例如，我可以取一组数据，并从中找出任意两个或更多给定因素之间的关系。,例如，我可以取一组数据，并从中找出任意两个或更多给定因素之间的关系。,否,视觉,0.72,WhisperX事后词语时间对应；原缓存特征提取窗口不可获得,视觉,0.2489774997027856,0.4964806536833445,0.3268637037846525,0.6517918507258097,0.4241587965125619,0.8458058933417001,视觉,0.2217422062017308,-0.08321108172337213,0.3347744005886228,-0.12562759468952814,0.4434833932096463,-0.16642178098360697
14,正向,0.32821792364120483,He is the co-founder of Rossen and Vettese Limited and the former Executive Director of Uniform Final Examination (UFE) courses at Toronto's York University.,他是罗森与维特塞有限公司的联合创办人，也曾任多伦多约克大学统一最终考试（UFE）课程的执行主任。,他是罗森与维特塞有限公司的联合创办人，也曾任多伦多约克大学统一最终考试（UFE）课程的执行主任。,否,无,0.6531,WhisperX事后词语时间对应；原缓存特征提取窗口不可获得,文本,0.6275347165733876,-0.7136548459529876,0.23580424544519898,-0.26816499233245844,0.1366610379814135,0.155415803194046,文本,0.5185370615238696,-0.14841338247060776,0.16032784831755675,-0.045888327062129974,0.32113509015857367,0.0919138640165329
15,正向,1.0632317066192627,"However, despite their poverty, the family prioritize education because they believed in its power to transform lives",然而，尽管生活贫困，这个家庭仍将教育放在首位，因为他们相信教育具有改变人生的力量。,然而，尽管生活贫困，这个家庭仍将教育放在首位，因为他们相信教育具有改变人生的力量。,否,无,0.1429,WhisperX事后词语时间对应；原缓存特征提取窗口不可获得,文本,0.7004014812074493,1.7933723330497737,0.023852687860210015,-0.06107461452484131,0.2757458309323407,-0.7060449719429016,文本,0.8611752203351183,0.7104571759700775,0.02307039785240361,0.019032746553421017,0.11575438181247806,-0.09549570083618164
16,负向,-2.052976369857788,"It's a terrible, this is a terrible movie",这是一部糟糕的……这是一部糟糕的电影。,这是一部糟糕的……这是一部糟糕的电影。,否,无,0.4706,WhisperX事后词语时间对应；原缓存特征提取窗口不可获得,文本,0.916251711349545,5.549790283044179,0.014810152956550075,0.08970596392949422,0.06893813569390506,0.4175623257954915,文本,0.915866043267048,-2.2708664312958717,0.042310866826104424,-0.10490871220827101,0.04182308990684752,-0.10369928181171417
17,正向,1.3861680030822754,"Applying these four design concepts to your presentations is simple, easy and will make people think you turned into a design guru.",将这四个设计理念应用于你的演示文稿既简单又容易，还会让人们觉得你变成了设计大师。,将这四个设计理念应用于你的演示文稿既简单又容易，还会让人们觉得你变成了设计大师。,否,无,0.8889,WhisperX事后词语时间对应；原缓存特征提取窗口不可获得,文本,0.763932682942136,2.6845363080501556,0.1287049209315461,-0.452282041311264,0.10736239612631784,-0.37728226184844965,文本,0.8914392817761206,1.0646874060233433,0.09956573763062883,-0.1189159924785296,0.008994980593250558,0.010743123789628349
18,中性,-0.031092744320631027,"-And in Denmark - the first Baltic Cod fishery has been MSC – certified -Meanwhile, the Faeroese Mackerel Fishery has been denied MSC certification based on the fact that the fishery has failed to reach an agreement on mackerel quotas with Norway and the European Union.",在丹麦，波罗的海首个鳕鱼渔业已获得 MSC 认证。与此同时，法罗群岛鲭鱼渔业未获 MSC 认证，原因是该渔业未能与挪威和欧盟就鲭鱼配额达成协议。,在丹麦，波罗的海首个鳕鱼渔业已获得 MSC 认证。与此同时，法罗群岛鲭鱼渔业未获 MSC 认证，原因是该渔业未能就鲭鱼……达成协议〔原文在此截断〕,是,无,0.7253,WhisperX事后词语时间对应；原缓存特征提取窗口不可获得,文本,0.6849279293937698,-1.6224559893210728,0.03366755905675994,0.07975165049235027,0.2814045115494701,0.6665904770294826,文本,0.5989072495762718,-0.2768672127276659,0.038936389190024116,-0.017999798059463498,0.36215636123370404,-0.1674202848225832
19,正向,0.6791881322860718,"People are surprisingly forgiving brands when they own up to mistakes, and unfortunately some haters out there love to point fingers and jump all over imperfections, but for the most part, people understand",当品牌坦承错误时，人们对它们的宽容程度令人意外。不幸的是，有些心怀反感的人喜欢指指点点，抓住缺点不放，但大多数情况下，人们还是理解的。,当品牌坦承错误时，人们对它们的宽容程度令人意外。不幸的是，有些心怀反感的人喜欢指指点点，抓住缺点不放，但大多数情况下，人们还是理解的。,否,无,0.9552,WhisperX事后词语时间对应；原缓存特征提取窗口不可获得,文本,0.8027972743603068,-1.0904087622960408,0.05900404701055013,-0.08014293511708577,0.13819867862914312,0.18770996729532877,视觉,0.3208805366973261,0.10725374023119608,0.1284770715549377,-0.042943229277928666,0.5506423917477362,0.18405122558275858
20,正向,1.2046582698822021,"And of course, click in the link of the description of this video for more, and we'll have more live updates and a stock market video (wrap-up) at the end of the day today.",当然，点击本视频说明中的链接可了解更多信息；今天我们还会提供更多实时更新，并在当天结束时提供股市回顾视频。,当然，点击本视频说明中的链接可了解更多信息；今天我们还会提供更多实时更新，并在当天结束时提供股市回顾视频。,否,无,0.6923,WhisperX事后词语时间对应；原缓存特征提取窗口不可获得,文本,0.9261850933483232,1.7711876332759857,0.005237492428047556,-0.010015904903411865,0.06857741422362923,-0.13114383816719055,文本,0.8231827479140271,0.7220057547092438,0.11784928056902497,0.1033644825220108,0.05896797151694787,-0.0517202466726303
