alignment_flags,alignment_score,alignment_status,asset_file,attribution_mass,attribution_net,cached_feature_source_time_status,end_s,evidence_status,head,modality,model_visible_char_spans,rank,raw_char_span,sample_id,start_s,token_slots,word,word_index
[],0.9999,aligned,,5.2080397549771185,-0.5178050724476527,not_applicable,6.92472,raw_text_located,classification,text,"[[110, 112]]",1,"[110, 112]",01,6.844665,[18],to,17
[],0.9996,aligned,,3.4567689361248557,-0.09375330116584311,not_applicable,4.262906,raw_text_located,classification,text,"[[66, 75]]",2,"[66, 75]",01,3.782578,[11],essential,10
[],0.906,aligned,,3.4388200034696568,-0.24457321864124307,not_applicable,5.023424,raw_text_located,classification,text,"[[79, 87]]",3,"[79, 87]",01,4.623151,[13],ensuring,12
[],1.0,aligned,samples/01/audio_clips/word000_520355_940641.wav,0.35029957484777163,0.0025538729073297083,unavailable,0.940641,lexical_temporal_anchor_available,classification,audio,"[[0, 9]]",1,"[0, 9]",01,0.520355,[1],Replacing,0
[],0.6225,aligned,samples/01/audio_clips/word019_7244938_7625197.wav,0.30402201032200427,0.044002114746147986,unavailable,7.625197,lexical_temporal_anchor_available,classification,audio,"[[117, 121], [121, 124]]",2,"[117, 124]",01,7.244938,"[20, 21]",mileage,19
[],0.9966,aligned,samples/01/audio_clips/word001_1000682_1140778.wav,0.2648893319588998,-0.001489652709188283,unavailable,1.140778,lexical_temporal_anchor_available,classification,audio,"[[10, 15]]",3,"[10, 15]",01,1.000682,[2],these,1
[],0.6225,aligned,samples/01/keyframes/frame000223.png,0.330216926839455,-0.05165945621331171,unavailable,7.625197,lexical_temporal_anchor_available,classification,vision,"[[117, 121], [121, 124]]",1,"[117, 124]",01,7.244938,"[20, 21]",mileage,19
[],0.9999,aligned,samples/01/keyframes/frame000206.png,0.1647945888553723,-0.021642820709978246,unavailable,6.92472,lexical_temporal_anchor_available,classification,vision,"[[110, 112]]",2,"[110, 112]",01,6.844665,[18],to,17
[],0.9997,aligned,samples/01/keyframes/frame000061.png,0.16415577135719286,0.01958409046364888,unavailable,2.101432,lexical_temporal_anchor_available,classification,vision,"[[32, 36]]",3,"[32, 36]",01,2.001364,[5],when,4
[],0.9999,aligned,,1.1694011054998468,0.11868226474583188,not_applicable,6.92472,raw_text_located,regression,text,"[[110, 112]]",1,"[110, 112]",01,6.844665,[18],to,17
[],0.9996,aligned,,0.811548042233927,0.024441983193924415,not_applicable,4.262906,raw_text_located,regression,text,"[[66, 75]]",2,"[66, 75]",01,3.782578,[11],essential,10
[],0.906,aligned,,0.7861141450491806,0.05580697611843226,not_applicable,5.023424,raw_text_located,regression,text,"[[79, 87]]",3,"[79, 87]",01,4.623151,[13],ensuring,12
[],1.0,aligned,samples/01/audio_clips/word000_520355_940641.wav,0.08319971263192058,0.00147170314315176,unavailable,0.940641,lexical_temporal_anchor_available,regression,audio,"[[0, 9]]",1,"[0, 9]",01,0.520355,[1],Replacing,0
[],0.6225,aligned,samples/01/audio_clips/word019_7244938_7625197.wav,0.07408691287951855,-0.010191281029282746,unavailable,7.625197,lexical_temporal_anchor_available,regression,audio,"[[117, 121], [121, 124]]",2,"[117, 124]",01,7.244938,"[20, 21]",mileage,19
[],0.9966,aligned,samples/01/audio_clips/word001_1000682_1140778.wav,0.0645830675963947,0.0015903075180084326,unavailable,1.140778,lexical_temporal_anchor_available,regression,audio,"[[10, 15]]",3,"[10, 15]",01,1.000682,[2],these,1
[],0.6225,aligned,samples/01/keyframes/frame000223.png,0.11955657235446868,0.02460996803483768,unavailable,7.625197,lexical_temporal_anchor_available,regression,vision,"[[117, 121], [121, 124]]",1,"[117, 124]",01,7.244938,"[20, 21]",mileage,19
[],0.9895,aligned,samples/01/keyframes/frame000239.png,0.060712699415359776,0.011890441966283208,unavailable,8.265634,lexical_temporal_anchor_available,regression,vision,"[[125, 137]]",2,"[125, 137]",01,7.685238,[22],requirements,20
[],0.9999,aligned,samples/01/keyframes/frame000206.png,0.058045088509947815,0.010677323184996822,unavailable,6.92472,lexical_temporal_anchor_available,regression,vision,"[[110, 112]]",3,"[110, 112]",01,6.844665,[18],to,17
